id,brand_id,name
1,1,"500"
2,1,"595"
3,1,"695"
4,2,"Cobra"
5,3,"ADX"
6,3,"CDX"
7,3,"CL"
8,3,"EL"
9,3,"ILX"
10,3,"Integra"
11,3,"Legend"
12,3,"MDX"
13,3,"NSX"
14,3,"RDX"
15,3,"RL"
16,3,"RLX"
17,3,"RSX"
18,3,"SLX"
19,3,"TL"
20,3,"TLX"
21,3,"TSX"
22,3,"Vigor"
23,3,"ZDX"
24,4,"M5"
25,4,"M7"
26,4,"M8"
27,4,"M9"
28,5,"U5"
29,5,"U6"
30,6,"33"
31,6,"33 Stradale"
32,6,"145"
33,6,"146"
34,6,"147"
35,6,"155"
36,6,"156"
37,6,"159"
38,6,"164"
39,6,"166"
40,6,"4C"
41,6,"75"
42,6,"8C"
43,6,"Brera"
44,6,"Giulia"
45,6,"Giulietta"
46,6,"GT"
47,6,"GTV"
48,6,"Junior"
49,6,"Milano"
50,6,"MiTo"
51,6,"Spider"
52,6,"Stelvio"
53,6,"Tonale"
54,7,"B10"
55,7,"B11"
56,7,"B12"
57,7,"B3"
58,7,"B4"
59,7,"B5"
60,7,"B6"
61,7,"B7"
62,7,"B8"
63,7,"B9"
64,7,"C1"
65,7,"C2"
66,7,"D10"
67,7,"D3"
68,7,"D4"
69,7,"D5"
70,7,"Roadster"
71,7,"XB7"
72,7,"XD3"
73,7,"XD4"
74,8,"A110"
75,8,"A290"
76,9,"Marlin"
77,10,"Alpha S"
78,10,"Alpha S5"
79,10,"Alpha S6"
80,10,"Alpha T"
81,10,"Alpha T1"
82,10,"Alpha T5"
83,10,"Alpha T6"
84,10,"Kaola"
85,10,"Lite"
86,11,"24"
87,12,"Rocsta"
88,13,"AR1"
89,13,"Cygnet"
90,13,"DB11"
91,13,"DB12"
92,13,"DB5"
93,13,"DB7"
94,13,"DB9"
95,13,"DBS"
96,13,"DBX"
97,13,"Lagonda"
98,13,"One-77"
99,13,"Rapide"
100,13,"Tickford Capri"
101,13,"Vanquish"
102,13,"Vantage"
103,13,"Virage"
104,13,"Zagato"
105,14,"50"
106,14,"80"
107,14,"90"
108,14,"100"
109,14,"200"
110,14,"A1"
111,14,"A2"
112,14,"A3"
113,14,"A4"
114,14,"A4 allroad quattro"
115,14,"A5"
116,14,"A6"
117,14,"A6 allroad quattro"
118,14,"A6 e-tron"
119,14,"A7"
120,14,"A8"
121,14,"Cabriolet"
122,14,"Coupe"
123,14,"e-tron"
124,14,"e-tron GT"
125,14,"e-tron S"
126,14,"e-tron Sportback"
127,14,"e-tron Sportback S"
128,14,"E5 Sportback"
129,14,"Q2"
130,14,"Q2 e-tron"
131,14,"Q3"
132,14,"Q3 Sportback"
133,14,"Q4 e-tron"
134,14,"Q4 Sportback e-tron"
135,14,"Q5"
136,14,"Q5 e-tron"
137,14,"Q5 Sportback"
138,14,"Q6"
139,14,"Q6 e-tron"
140,14,"Q6 e-tron Sportback"
141,14,"Q7"
142,14,"Q8"
143,14,"Q8 e-tron"
144,14,"Q8 Sportback e-tron"
145,14,"Quattro"
146,14,"Quattro Sport"
147,14,"R8"
148,14,"RS e-tron GT"
149,14,"RS Q3"
150,14,"RS Q3 Sportback"
151,14,"RS Q8"
152,14,"RS2"
153,14,"RS3"
154,14,"RS4"
155,14,"RS5"
156,14,"RS6"
157,14,"RS7"
158,14,"S1"
159,14,"S2"
160,14,"S3"
161,14,"S4"
162,14,"S5"
163,14,"S6"
164,14,"S6 e-tron"
165,14,"S7"
166,14,"S8"
167,14,"SQ2"
168,14,"SQ5"
169,14,"SQ5 Sportback"
170,14,"SQ6 e-tron"
171,14,"SQ6 e-tron Sportback"
172,14,"SQ7"
173,14,"SQ8"
174,14,"SQ8 e-tron"
175,14,"SQ8 Sportback e-tron"
176,14,"TT"
177,14,"TT RS"
178,14,"TTS"
179,14,"V8"
180,15,"06"
181,15,"07"
182,15,"11"
183,15,"12"
184,16,"BJ30"
185,16,"BJ40"
186,16,"BJ40 Plus"
187,16,"BJ60"
188,16,"BJ60 Thunder"
189,16,"BJ80"
190,16,"BJ90"
191,16,"BJEV EX5"
192,16,"EU5"
193,16,"EU5 Plus"
194,16,"EU7"
195,16,"EX3"
196,16,"Huansu S6"
197,16,"Rubics Cube"
198,16,"Ruixiang X3"
199,16,"Ruixiang X5"
200,16,"Senova E-Series"
201,16,"Senova X55"
202,16,"Senova Zhixing"
203,16,"U5"
204,16,"U5 Plus"
205,16,"U7"
206,16,"X3"
207,16,"X35"
208,16,"X5"
209,16,"X55"
210,16,"X7"
211,16,"X75"
212,17,"Qute"
213,18,"310"
214,18,"360"
215,18,"510"
216,18,"530"
217,18,"730"
218,18,"E100"
219,18,"E200"
220,18,"E300"
221,18,"KiWi EV"
222,18,"RC-5"
223,18,"RC-6"
224,18,"RM-5"
225,18,"RS-3"
226,18,"RS-5"
227,18,"RS-7"
228,18,"Valli"
229,18,"Yep"
230,18,"Yep Plus"
231,18,"Yunduo Cloud"
232,19,"B1000"
233,20,"Ace M7"
234,20,"BJ 212"
235,20,"Calorie"
236,20,"Luba"
237,20,"MPV"
238,20,"Yusheng 007"
239,21,"CF"
240,22,"S50"
241,22,"X50"
242,22,"X70"
243,22,"X80"
244,23,"Arnage"
245,23,"Azure"
246,23,"Bentayga"
247,23,"Brooklands"
248,23,"Continental"
249,23,"Continental GT"
250,23,"Eight"
251,23,"Flying Spur"
252,23,"Mulsanne"
253,23,"R-Type"
254,23,"S"
255,23,"T-Series"
256,23,"Turbo R"
257,24,"B70"
258,24,"T55"
259,24,"T77"
260,24,"T90"
261,25,"02 (E10)"
262,25,"1-Series"
263,25,"1M"
264,25,"2-Series"
265,25,"2-Series Active Tourer"
266,25,"2-Series Gran Tourer"
267,25,"3-Series"
268,25,"3-Series Gran Turismo"
269,25,"321"
270,25,"326"
271,25,"340"
272,25,"4-Series"
273,25,"5-Series"
274,25,"5-Series Gran Turismo"
275,25,"503"
276,25,"6-Series"
277,25,"6-Series Gran Turismo"
278,25,"7-Series"
279,25,"8-Series"
280,25,"E3"
281,25,"E9"
282,25,"i3"
283,25,"i4"
284,25,"i5"
285,25,"i7"
286,25,"i8"
287,25,"iX"
288,25,"iX1"
289,25,"iX2"
290,25,"iX3"
291,25,"M2"
292,25,"M3"
293,25,"M4"
294,25,"M5"
295,25,"M6"
296,25,"M8"
297,25,"Neue Klasse"
298,25,"X1"
299,25,"X2"
300,25,"X3"
301,25,"X4"
302,25,"X5"
303,25,"X6"
304,25,"X7"
305,25,"XM"
306,25,"Z1"
307,25,"Z3"
308,25,"Z4"
309,25,"Z8"
310,26,"BX3"
311,26,"BX5"
312,26,"BX6"
313,26,"BX7"
314,27,"H230"
315,27,"H530"
316,27,"M1"
317,27,"M2"
318,27,"M3"
319,27,"V3"
320,27,"V5"
321,28,"Chiron"
322,28,"Tourbillon"
323,28,"Veyron"
324,29,"Cascada"
325,29,"Century"
326,29,"Electra E5"
327,29,"Enclave"
328,29,"Encore"
329,29,"Encore GX"
330,29,"Envision"
331,29,"Envision Plus"
332,29,"Envista"
333,29,"Excelle"
334,29,"Excelle GT"
335,29,"Excelle GX"
336,29,"Excelle XT"
337,29,"GL6"
338,29,"GL8"
339,29,"GL8 Avenir"
340,29,"GL8 Century"
341,29,"GL8 ES"
342,29,"GL8 Firstland"
343,29,"LaCrosse"
344,29,"LeSabre"
345,29,"Lucerne"
346,29,"Park Avenue"
347,29,"Rainier"
348,29,"Regal"
349,29,"Rendezvous"
350,29,"Riviera"
351,29,"Sail"
352,29,"Skylark"
353,29,"Special"
354,29,"Terraza"
355,29,"Velite 5"
356,29,"Velite 6"
357,29,"Velite 7"
358,29,"Verano"
359,29,"Verano GS"
360,29,"Verano Pro"
361,30,"D1"
362,30,"Destroyer 05"
363,30,"Dolphin"
364,30,"e1"
365,30,"e2"
366,30,"e3"
367,30,"e5"
368,30,"e6"
369,30,"e7"
370,30,"e9"
371,30,"F0"
372,30,"F3"
373,30,"F5"
374,30,"F6"
375,30,"F7"
376,30,"FangChengBao Leopard 5"
377,30,"FangChengBao Leopard 8"
378,30,"FangChengBao Titanium 3"
379,30,"FangChengBao Titanium 7"
380,30,"Flyer"
381,30,"Frigate 07"
382,30,"G3"
383,30,"G6"
384,30,"Han"
385,30,"Han L"
386,30,"L3"
387,30,"M6"
388,30,"Qin"
389,30,"Qin L DM"
390,30,"Qin L EV"
391,30,"Qin Plus"
392,30,"Qin Pro"
393,30,"S6"
394,30,"S7"
395,30,"Sea Lion 05 DM"
396,30,"Sea Lion 05 EV"
397,30,"Sea Lion 06"
398,30,"Sea Lion 07 DM"
399,30,"Sea Lion 07 EV"
400,30,"Seagull"
401,30,"Seal"
402,30,"Seal 05"
403,30,"Seal 06 DM"
404,30,"Seal 06 EV"
405,30,"Seal 06 GT"
406,30,"Seal 07"
407,30,"Shark"
408,30,"Song"
409,30,"Song L DM"
410,30,"Song L EV"
411,30,"Song Max"
412,30,"Song Plus"
413,30,"Song Pro"
414,30,"Tang"
415,30,"Tang L"
416,30,"Xia"
417,30,"Yangwang U7"
418,30,"Yangwang U8"
419,30,"Yangwang U9"
420,30,"Yuan"
421,30,"Yuan Plus"
422,30,"Yuan Pro"
423,30,"Yuan Up"
424,31,"ATS"
425,31,"BLS"
426,31,"Brougham"
427,31,"Catera"
428,31,"CT4"
429,31,"CT5"
430,31,"CT6"
4Delete,31,"CTS"
432,31,"DeVille"
433,31,"DTS"
434,31,"Eldorado"
435,31,"ELR"
436,31,"Escalade"
437,31,"Escalade IQ"
438,31,"Fleetwood"
439,31,"GT4"
440,31,"Lyriq"
441,31,"Optiq"
442,31,"Seville"
443,31,"SRX"
444,31,"STS"
445,31,"XLR"
446,31,"XT4"
447,31,"XT5"
448,31,"XT6"
449,31,"XTS"
450,32,"Alsvin"
451,32,"Alsvin V7"
452,32,"Benben"
453,32,"CS15"
454,32,"CS35"
455,32,"CS35 Max"
456,32,"CS35 Plus"
457,32,"CS55"
458,32,"CS55 Plus"
459,32,"CS75"
460,32,"CS75 Plus"
461,32,"CS75 Pro"
462,32,"CS85 Coupe"
463,32,"CS95"
4Two,32,"CS95 Plus"
465,32,"CX20"
466,32,"Deepal Shenlan G318"
467,32,"Deepal Shenlan L06"
468,32,"Deepal Shenlan L07"
469,32,"Deepal Shenlan S05"
470,32,"Deepal Shenlan S07"
471,32,"Deepal Shenlan S09"
472,32,"Deepal Shenlan SL03"
473,32,"Eado"
474,32,"Eado DT"
475,32,"Eado Plus"
476,32,"Eado XT"
477,32,"Hunter"
478,32,"Hunter Plus"
479,32,"Kaicene F70"
480,32,"Kaicene Ruixing M60"
481,32,"Kaicene Star 5"
482,32,"Lamore"
483,32,"Linmax"
484,32,"Lumin"
485,32,"Qiyuan Nevo A05"
486,32,"Qiyuan Nevo A06"
487,3Access, "Qiyuan Nevo A07"
488,32,"Qiyuan Nevo E07"
489,32,"Qiyuan Nevo Hunter K50"
490,32,"Qiyuan Nevo Q05"
491,32,"Qiyuan Nevo Q07"
492,32,"Raeton"
493,32,"Raeton CC"
494,32,"Raeton Plus"
495,32,"UNI-K"
496,32,"UNI-S"
497,32,"UNI-T"
498,32,"UNI-V"
499,32,"UNI-Z"
500,32,"X5 Plus"
501,32,"X7 Plus"
502,32,"Yida"
503,33,"Liebao Leopard"
504,34,"Ideal"
505,35,"Amulet A15"
506,35,"Arrizo 3"
507,35,"Arrizo 5"
508,35,"Arrizo 5 GT"
509,35,"Arrizo 5 Plus"
510,35,"Arrizo 5 Pro"
511,35,"Arrizo 5e"
512,35,"Arrizo 6 Pro"
513,35,"Arrizo 7"
514,35,"Arrizo 8"
515,35,"Arrizo EX"
516,35,"Arrizo GX"
517,35,"Arrizo M7"
518,35,"Big Ant eQ5"
519,35,"Bonus 3 - A19"
520,35,"Bonus A13"
521,35,"CrossEastar"
522,35,"E5"
523,35,"Eastar"
524,35,"eQ1"
525,35,"eQ7"
526,35,"Explore 06"
527,35,"Fora A21"
528,35,"Fulwin A8"
529,35,"Fulwin A8L"
530,35,"Fulwin A9"
531,35,"Fulwin A9L"
532,35,"Fulwin T10"
533,35,"Fulwin T6"
534,35,"Fulwin T8"
535,35,"Fulwin T9"
536,35,"Fulwin X3"
537,35,"Fulwin X3 Plus"
538,35,"Fulwin X3L"
539,35,"indiS S18D"
540,35,"Kimo A1"
541,35,"Little Ant"
542,35,"M11"
543,35,"Omoda 5"
544,35,"Oriental Son"
545,35,"QQ Domi"
546,35,"QQ Ice Cream"
547,35,"QQ Sweet"
548,35,"QQ6 S21"
549,35,"Tiggo 2"
550,35,"Tiggo 2 Pro"
551,35,"Tiggo 3"
552,35,"Tiggo 3x"
553,35,"Tiggo 3xe"
554,35,"Tiggo 4"
555,35,"Tiggo 4 Pro"
556,35,"Tiggo 5"
557,35,"Tiggo 5x"
558,35,"Tiggo 7"
559,35,"Tiggo 7 Plus"
560,35,"Tiggo 7 Pro"
561,35,"Tiggo 7 Pro Max"
562,35,"Tiggo 7 Pro Plug-In-Hybrid"
563,35,"Tiggo 7L"
564,35,"Tiggo 8"
565,35,"Tiggo 8 Plus"
566,35,"Tiggo 8 Pro"
567,35,"Tiggo 8 Pro e+ Hybrid"
568,35,"Tiggo 8 Pro Max"
569,35,"Tiggo 8 Pro Plug-In-Hybrid"
570,35,"Tiggo 8L"
571,35,"Tiggo 9"
572,35,"Tiggo e"
573,35,"Tiggo T11"
574,35,"Very A13"
575,36,"3600"
576,36,"Alero"
577,36,"Astro"
578,36,"Avalanche"
579,36,"Aveo"
580,36,"Beretta"
581,36,"Blazer"
582,36,"Blazer EV"
583,36,"Blazer K5"
584,36,"Blazer S-10"
585,36,"Bolt"
586,36,"C10"
587,36,"Camaro"
588,36,"Caprice"
589,36,"Captiva"
590,36,"Cavalier"
591,36,"Celebrity"
592,36,"Cobalt"
593,36,"Colorado"
594,36,"Corsica"
595,36,"Corvette"
596,36,"Cruze"
597,36,"Damas"
598,36,"Epica"
599,36,"Equinox"
600,36,"Equinox EV"
601,36,"Equinox Plus"
602,36,"Evanda"
603,36,"Groove"
604,36,"HHR"
605,36,"Impala"
606,36,"Lacetti"
607,36,"Lanos"
608,36,"Lumina"
609,36,"Lumina APV"
610,36,"Malibu"
611,36,"Menlo"
612,36,"Metro"
613,36,"Monte Carlo"
614,36,"Monza"
615,36,"MW"
616,36,"Nexia"
617,36,"Niva"
618,36,"Nova"
6Do,36,"Nubira"
620,36,"Onix"
621,36,"Optra"
622,36,"Orlando"
623,36,"Rezzo"
624,36,"S10"
625,36,"Seeker"
626,36,"Silverado"
627,36,"Sonic"
628,36,"Spark"
629,36,"SSR"
630,36,"Suburban"
631,36,"Tacuma"
632,36,"Tahoe"
633,36,"Tracker"
634,36,"TrailBlazer"
635,36,"Trans Sport"
636,36,"Traverse"
637,36,"Trax"
638,36,"Uplander"
639,36,"Van"
640,36,"Venture"
641,36,"Viva"
642,36,"Volt"
643,37,"180"
644,37,"200"
645,37,"300"
646,37,"300 Letter Series"
Two,37,"300C"
648,37,"300M"
649,37,"Aspen"
650,37,"Cirrus"
651,37,"Concorde"
652,37,"Cordoba"
653,37,"Crossfire"
654,37,"Fifth Avenue"
655,37,"Grand Voyager"
656,37,"Imperial"
657,37,"Intrepid"
658,37,"Le Baron"
659,37, "LHS"
660,37,"Neon"
661,37,"New Yorker"
662,37,"Newport"
663,37,"Pacifica"
664,37,"Prowler"
665,37,"PT Cruiser"
666,37,"Saratoga"
667,37,"Sebring"
668,37, "Stratus"
669,37,"Town and Country"
670,37,"Vision"
671,37,"Voyager"
672,37,"Ypsilon"
673,38,"M-NV"
674,39,"2CV"
675,39,"Ami"
676,39,"Berlingo"
677,39,"BX"
678,39,"C-Crosser"
679,39,"C-Elysee"
680,39,"C-Zero"
681,39,"C1"
682,39,"C15"
683,39,"C2"
684,39,"C25"
685,39,"C3"
686,39,"C3 Aircross"
687,39,"C3 Picasso"
688,39,"C3-XR"
689,39,"C3L"
690,39,"C4"
691,39,"C4 Aircross"
692,39,"C4 Cactus"
693,39,"C4 Picasso"
694,39,"C4 Spacetourer"
695,39,"C4 X"
696,39,"C5"
697,39,"C5 Aircross"
698,39,"C5 X"
699,39,"C6"
700,39,"C8"
701,39,"DS NÂ°8"
702,39,"DS3"
703,39,"DS3 Crossback"
704,39,"DS4"
705,39,"DS4 Cross"
706,39,"DS5"
707,39,"DS7"
708,39,"E-Mehari"
709,39,"Evasion"
710,39,"Grand C4 Picasso"
711,39,"Grand C4 Spacetourer"
712,39,"GS"
713,39,"Jumper"
714,39,"Jumpy"
715,39,"Nemo"
716,39,"Saxo"
717,39,"Spacetourer"
718,39,"Visa"
719,39,"Xantia"
720,39,"XM"
721,39,"Xsara"
722,39,"Xsara Picasso"
723,39,"ZX"
724,40,"Ateca"
725,40,"Born"
726,40,"Formentor"
727,40,"Leon"
728,40,"Tavascan"
729,40,"Terramar"
730,41,"Duster"
731,41,"Lodgy"
732,41,"Lodgy Stepway"
733,41,"Logan"
734,41,"Logan MCV"
735,41,"Logan MCV Stepway"
736,41,"Logan Pick-Up"
737,41,"Sandero"
738,41,"Sandero Stepway"
739,41,"Spring"
740,42,"Smoothing"
741,43,"Alpheon"
742,43,"Cielo"
743,43,"Damas"
744,43,"Espero"
745,43,"Evanda"
746,43,"G2X"
747,43,"Gentra"
748,43,"Kalos"
749,43,"Korando"
750,43,"Lacetti"
751,43,"Lanos"
752,43,"Leganza"
753,43,"LeMans"
754,43,"Lublin 3"
755,43,"Magnus"
756,43,"Matiz"
757,43,"Nexia"
758,43,"Nubira"
759,43,"Prince"
760,43,"Racer"
761,43,"Rezzo"
762,43,"Royale"
763,43,"Sens"
764,43,"Tacuma"
765,43,"Tico"
766,43,"Tosca"
767,43,"Winstorm"
768,44,"Altis"
769,44,"Applause"
770,44,"Atrai"
771,44,"Atrai7"
772,44,"Be-Go"
773,44,"Boon"
774,44,"Boon Luminas"
775,44,"Cast"
776,44,"Charade"
777,44,"Charade Social"
778,44,"Charmant"
779,44,"Coo"
780,44,"Copen"
781,44,"Cuore"
782,44,"Delta"
783,44,"Esse"
784,44,"Gran Max"
785,44,"Hijet"
786,44,"Hijet Caddie"
787,44,"Leeza"
788,44,"Materia"
789,44,"Max"
790,44,"Mebius"
791,44,"Midget II"
792,44,"Mira"
793,44,"Mira Avy"
794,44,"Mira Cocoa"
795,44,"Mira e:S"
796,44,"Mira Gino"
797,44,"Mira Gino 1000"
798,44,"Mira Moderno"
799,44,"Mira Tocot"
800,44,"Move"
801,44,"Move Canbus"
802,44,"Move Conte"
803,44,"Move Latte"
804,44,"Naked"
805,44,"Opti"
806,44,"Pyzar"
807,44,"Rocky"
808,44,"Rugger"
809,44,"Sirion"
810,44,"Sonica"
811,44,"Storia"
812,44,"Taft"
813,44,"Tanto"
814,44,"Tanto Exe"
815,44,"Terios"
816,44,"Terios Kid"
817,44,"Terios Lucia"
818,44,"Thor"
819,44,"Wake"
820,44,"YRV"
821,45,"mi-Do"
822,45,"on-DO"
823,46,"Pickup"
824,46,"Yuanzhi M1"
825,46,"Yuehu"
826,47,"DMC-12"
827,48,"500"
828,48,"D9"
829,48,"EV"
830,48,"N7"
831,48,"N8"
832,48,"N8L"
833,48,"N9"
834,48,"X"
835,48,"Z9"
836,48,"Z9 GT"
837,49,"Land Crown"
838,49,"Plutus"
839,49,"Shuttle"
840,50,"Aries"
841,50,"Avenger"
842,50,"Caliber"
843,50,"Caravan"
844,50,"Challenger"
845,50,"Charger"
846,50,"Dakota"
847,50,"Dart"
848,50,"Durango"
849,50,"Dynasty"
850,50,"Grand Caravan"
851,50,"Hornet"
852,50,"Intrepid"
853,50,"JCUV"
854,50,"Journey"
855,50,"Magnum"
856,50,"Mirada"
857,50,"Neon"
858,50,"Nitro"
859,50,"Omni"
860,50,"Raider"
861,50,"Ram"
862,50,"Ramcharger"
863,50,"Shadow"
864,50,"Spirit"
865,50,"Stealth"
866,50,"Stratus"
867,50,"Viper"
868,51,"580"
869,51,"A9"
870,51,"Aeolus A30"
871,51,"Aeolus A60"
872,51,"Aeolus AX3"
873,51,"Aeolus AX4"
874,51,"Aeolus AX5"
875,51,"Aeolus AX7"
876,51,"Aeolus AX7 Plus"
877,51,"Aeolus AX7 Pro"
878,51,"Aeolus E70"
879,51,"Aeolus Haohan"
880,51,"Aeolus Huge"
881,51,"Aeolus Sky EV01"
882,51,"Aeolus Yixuan"
883,51,"Aeolus Yixuan GS"
884,51,"Aeolus Yixuan Max"
885,51,"AX4"
886,51,"AX7"
887,51,"C-Series"
888,51,"DF6"
889,51,"DFSK Fengon 500"
890,51,"DFSK Fengon ix5"
891,51,"DFSK Fengon ix7"
892,51,"E11K"
893,51,"EC36"
894,51,"EP 007"
895,51,"EP 008"
896,51,"Fengon 370"
897,51,"Fengon 580"
898,51,"Fengon 580 Pro"
899,51,"Fengon e3"
900,51,"Fengon Mini EV"
901,51,"Fengon S560"
902,51,"H30 Cross"
903,51,"Huge"
904,51,"K33-561"
905,51,"Landian E5"
906,51,"Landian E5 Plus"
907,51,"Mage"
908,51,"Mengshi MS600"
909,51,"MPV"
910,51,"Nammi 01"
911,51,"Nammi 06"
912,51,"Nano EX1"
913,51,"Oting"
914,51,"Rich"
915,51,"Rich 6"
916,51,"Rich 7"
917,51,"S30"
918,51,"Shine GS"
919,51,"Shine Max"
920,51,"Z9"
921,52,"G60s"
922,53,"H3"
923,53,"H5"
924,54,"ME5"
925,54,"ME7"
926,55,"M2"
927,56,"Exlantix ES"
928,56,"Exlantix ET"
929,56,"LX"
930,56,"RX"
931,56,"Sterra ES"
932,56,"Sterra ET"
933,56,"TX"
934,56,"TXL"
935,56,"VX"
936,57,"6350"
937,57,"6371"
938,57,"Bestune B70"
939,57,"Bestune B70S"
940,57,"Bestune E01"
941,57,"Bestune M9"
942,57,"Bestune NAT"
943,57,"Bestune Pony"
944,57,"Bestune T33"
945,57,"Bestune T55"
946,57,"Bestune T77"
947,57,"Bestune T90"
948,57,"Bestune T99"
949,57,"Bestune Yueyi 07"
950,57,"Besturn B30"
951,57,"Besturn B50"
952,57,"Besturn B70"
953,57,"Besturn X40"
954,57,"Besturn X40 EV"
955,57,"Besturn X80"
956,57,"Jinn"
957,57,"Junpai D60"
958,57,"Landmark"
959,57,"Oley"
960,57,"Senia R7"
961,57,"Senia R9"
962,57,"V2"
963,57,"V5"
964,57,"Vita"
965,58,"12Cilindri"
966,58,"296 GTB"
967,58,"296 GTS"
968,58,"328"
969,58,"348"
970,58,"360"
971,58,"458 Italia"
972,58,"458 Spider"
973,58,"458 Speciale"
974,58,"488 GTB"
975,58,"488 Spider"
976,58,"488 Pista"
977,58,"575M Maranello"
978,58,"599 GTB Fiorano"
979,58,"599 GTO"
980,58,"612 Scaglietti"
981,58,"812 GTS"
982,58,"812 Superfast"
983,58,"849 Testarossa"
984,58,"Amalfi"
985,58,"California"
986,58,"Daytona SP3"
987,58,"Enzo Ferrari"
988,58,"F12 Berlinetta"
989,58,"F12 TDF"
990,58,"F40"
991,58,"F430"
992,58,"F50"
993,58,"F8 Spider"
994,58,"F8 Tributo"
995,58,"F80"
996,58,"FF"
997,58,"GTC4Lusso"
998,58,"LaFerrari"
999,58,"Monza SP"
1000,58,"Portofino"
1001,58,"Purosangue"
1002,58,"Roma"
1003,58,"SF90 Stradale"
1004,58,"Testarossa"
1005,59,"125"
1006,59,"128"
1007,59,"500"
1008,59,"500X"
1009,59,"Albea"
1010,59,"Brava"
1011,59,"Bravo"
1012,59,"Coupe"
1013,59,"Croma"
1014,59,"Doblo"
1015,59,"Freemont"
1016,59,"Fullback"
1017,59,"Grande Punto"
1018,59,"Linea"
1019,59,"Multipla"
1020,59,"Palio"
1021,59,"Panda"
1022,59,"Punto"
1023,59,"Qubo"
1024,59,"Regata"
1025,59,"Scudo"
1026,59,"Sedici"
1027,59,"Seicento"
1028,59,"Stilo"
1029,59,"Strada"
1030,59,"Talento"
1031,59,"Tipo"
1032,59,"Ulysse"
1033,59,"Uno"
1034,60,"Karma"
1035,60,"Ocean"
1036,61,"Aerostar"
1037,61,"Aspire"
1038,61,"B-MAX"
1039,61,"Bronco"
1040,61,"Bronco II"
1041,61,"Bronco Sport"
1042,61,"C-MAX"
1043,61,"Capri"
1044,61,"Contour"
1045,61,"Cougar"
1046,61,"Crown Victoria"
1047,61,"Econovan"
1048,61,"EcoSport"
1049,61,"Edge"
1050,61,"Eifel"
1051,61,"Equator"
1052,61,"Equator Sport"
1053,61,"Escape"
1054,61,"Escort"
1055,61,"Everest"
1056,61,"Evos"
1057,61,"Excursion"
1058,61,"Expedition"
1059,61,"Explorer"
1060,61,"Explorer EV"
1061,61,"F150"
1062,61,"F250"
1063,61,"F350"
1064,61,"Fairlane"
1065,61,"Festiva"
1066,61,"Fiesta"
1067,61,"Flex"
1068,61,"Focus"
1069,61,"Focus RS"
1070,61,"Focus ST"
1071,61,"Freda"
1072,61,"Freestyle"
1073,61,"Fusion"
1074,61,"Galaxie"
1075,61,"Galaxy"
1076,61,"Granada"
1077,61,"Grand C-MAX"
1078,61,"GT"
1079,61,"Ixion"
1080,61,"Ka"
1081,61,"Kuga"
1082,61,"Laser"
1083,61,"LTD Crown Victoria"
1084,61,"Maverick"
1085,61,"Model T"
1086,61,"Mondeo"
1087,61,"Mondeo Sport"
1088,61,"Mustang"
1089,61,"Mustang Mach-E"
1090,61,"Orion"
1091,61,"Probe"
1092,61,"Puma"
1093,61,"Ranger"
1094,61,"S-MAX"
1095,61,"Scorpio"
1096,61,"Sierra"
1097,61,"Spectron"
1098,61,"SportKa"
1099,61,"StreetKa"
1100,61,"Taurus"
1101,61,"Telstar"
1102,61,"Tempo"
1103,61,"Territory"
1104,61,"Th!nk"
1105,61,"Thunderbird"
1106,61,"Torino"
1107,61,"Tourneo"
1108,61,"Tourneo Connect"
1109,61,"Tourneo Courier"
1110,61,"Tourneo Custom"
1111,61,"V8"
1112,61,"Windstar"
1113,62,"Joyear S50"
1114,62,"Joyear X3"
1115,62,"Joyear X5"
1116,62,"Joyear X6"
1117,62,"M4 Yacht"
1118,62,"M5"
1119,62,"M7"
1120,62,"S7"
1121,62,"T5"
1122,62,"T5 EVO"
1123,62,"Thunder"
1124,62,"V9"
1125,63,"Conqueror 3"
1126,63,"Conqueror 5"
1127,63,"Conqueror 7"
1128,63,"Conqueror Plus"
1129,63,"Mars 7"
1130,63,"Mars 9"
1131,63,"Midi"
1132,63,"Sauvana"
1133,63,"Tunland"
1134,63,"Tunland F9"
1135,63,"Tunland G7"
1136,63,"Tunland G9"
1137,63,"Tunland V7"
1138,63,"Tunland V9"
1139,63,"View"
1140,64,"Warszawa"
1141,65,"Aion Hyper GT"
1142,65,"Aion Hyper HL"
1143,65,"Aion Hyper HT"
1144,65,"Aion Hyper SSR"
1145,65,"Aion LX"
1146,65,"Aion LX Plus"
1147,65,"Aion S"
1148,65,"Aion S Plus"
1149,65,"Aion UT"
1150,65,"Aion V"
1151,65,"Aion V Plus"
1152,65,"Aion Y"
1153,65,"Aion Y Plus"
1154,65,"EA6"
1155,65,"Empow"
1156,65,"GN8"
1157,65,"GS3"
1158,65,"GS4"
1159,65,"GS5"
1160,65,"GS8"
1161,65,"iA5"
1162,65,"M8"
1163,65,"Trumpchi"
1164,65,"Trumpchi E8"
1165,65,"Trumpchi E9"
1166,65,"Trumpchi Emkoo"
1167,65,"Trumpchi Empow"
1168,65,"Trumpchi ES9"
1169,65,"Trumpchi GA3"
1170,65,"Trumpchi GA3S"
1171,65,"Trumpchi GA4"
1172,65,"Trumpchi GA4 Plus"
1173,65,"Trumpchi GA5"
1174,65,"Trumpchi GA6"
1175,65,"Trumpchi GA8"
1176,65,"Trumpchi GE3"
1177,65,"Trumpchi GM6"
1178,65,"Trumpchi GM8"
1179,65,"Trumpchi GS3 Power"
1180,65,"Trumpchi GS4"
1181,65,"Trumpchi GS4 Coupe"
1182,65,"Trumpchi GS4 Max"
1183,65,"Trumpchi GS4 Plus"
1184,65,"Trumpchi GS5"
1185,65,"Trumpchi GS5 Super"
1186,65,"Trumpchi GS7"
1187,65,"Trumpchi GS8"
1188,65,"Trumpchi GS8S"
1189,65,"Trumpchi M6"
1190,65,"Trumpchi M6 Pro"
1191,65,"Trumpchi S7"
1192,65,"Way"
1193,66,"Atlas"
1194,66,"Atlas Pro"
1195,66,"Azkarra"
1196,66,"Binrui"
1197,66,"Binrui Cool"
1198,66,"Binyue L"
1199,66,"Borui"
1200,66,"Borui GE"
1201,66,"Boyue"
1202,66,"Boyue L"
1203,66,"Boyue Pro"
1204,66,"Boyue X"
1205,66,"Cityray"
1206,66,"CK Otaka"
1207,66,"Coolray"
1208,66,"Cowboy"
1209,66,"Emgrand"
1210,66,"Emgrand EC7"
1211,66,"Emgrand EC8"
1212,66,"Emgrand GL"
1213,66,"Emgrand GT"
1214,66,"Emgrand L"
1215,66,"Emgrand S"
1216,66,"Emgrand X7"
1217,66,"EX5"
1218,66,"Farizon FX"
1219,66,"Galaxy A7"
1220,66,"Galaxy E5"
1221,66,"Galaxy E8"
1222,66,"Galaxy L6"
1223,66,"Galaxy L7"
1224,66,"Galaxy M9"
1225,66,"Galaxy Star 6"
1226,66,"Galaxy Starshine 8"
1227,66,"Galaxy Starship 7"
1228,66,"GC6"
1229,66,"Geome Xingyuan"
1230,66,"Geometry A"
1Read,66,"Geometry A Pro"
1232,66,"Geometry C"
1233,66,"Geometry E"
1234,66,"Geometry G6"
1235,66,"Geometry M6"
1236,66,"Geometry Panda Mini"
1237,66,"GS"
1238,66,"ICON"
1239,66,"Jiaji"
1240,66,"Jiyue Robo 01"
1241,66,"Jiyue Robo 07"
1Gas,66,"LC Cross"
1243,66,"MK"
1244,66,"MK Cross"
1245,66,"Monjaro"
1246,66,"Okavango"
1247,66,"Preface"
1248,66,"SC7"
1249,66,"SL"
1250,66,"Tugella"
1251,66,"TX4"
1252,66,"Vision FC"
1253,66,"Vision S1"
1254,66,"Vision X1"
1255,66,"Vision X3"
1256,66,"Vision X3 Pro"
1Access,66,"Vision X6"
1258,66,"Vision X6 Pro"
1259,67,"EQ900"
1260,67,"G70"
1261,67,"G80"
1262,67,"G90"
1263,67,"GV60"
1264,67,"GV70"
1265,67,"GV80"
1266,67,"GV80 Coupe"
1267,68,"Metro"
1268,68,"Prizm"
1269,68,"Storm"
1270,68,"Tracker"
1271,69,"Acadia"
1272,69,"Canyon"
1273,69,"Envoy"
1274,69,"Hummer EV"
1275,69,"Jimmy"
1276,69,"Sierra"
1277,69,"Suburban"
1278,69,"Terrain"
1279,69,"Typhoon"
1280,69,"Yukon"
1281,70,"Coolbear"
1282,70,"Cowry"
1283,70,"Florid"
1Example,70,"Hover"
1285,70,"Hover H3"
1286,70,"Hover H5"
1287,70,"Hover H6"
1288,70,"Hover M2"
1289,70,"Hover M4"
1290,70,"Peri"
1291,70,"Poer"
1292,70,"Poer KingKong"
1293,70,"Safe"
1294,70,"Sailor"
1295,70,"Shanhai Poer"
1296,70,"Sing"
1Entry,70,"Voleex c30"
1298,70,"Wingle"
1299,70,"Wingle 7"
1300,71,"Brio"
1301,71,"Princip"
1302,71,"Saibao"
1303,71,"Sigma"
1304,71,"Simbo"
1305,72,"2"
1306,72,"3"
1307,72,"6P"
1308,72,"7"
1309,72,"7X"
1310,72,"7X-E"
1311,72,"8S"
1312,72,"Aishang EV"
1313,72,"E3"
1314,72,"Family"
1315,72,"Family F5"
1316,72,"Family F7"
1317,72,"Freema"
1318,72,"M3"
1319,73,"X7"
1320,74,"Chitu"
1321,74,"Cool Dog KuGou"
1322,74,"Dargo"
1323,74,"F5"
1324,74,"F7"
1325,74,"F7x"
1326,74,"H-Dog"
1327,74,"H1"
1328,74,"H2"
1329,74,"H2s"
1330,74,"H3"
1331,74,"H4"
1332,74,"H4 Pro"
1333,74,"H5"
1334,74,"H6"
1335,74,"H6 Coupe"
1336,74,"H6S"
1337,74,"H7"
1338,74,"H8"
1339,74,"H9"
1340,74,"Jolion"
1341,74,"M6"
1342,74,"M6 Plus"
1343,74,"Raptor"
1344,74,"Shenshou"
1345,74,"Xiaolong"
1346,74,"Xiaolong Max"
1347,75,"A25"
1348,75,"B21"
1349,75,"Boliger"
1350,75,"iEV230"
1351,75,"Laville"
1352,75,"Shengdafei"
1353,75,"Shengdafei 5"
1Access,75,"XEV260"
1355,76,"X"
1356,76,"Y"
1357,76,"Z"
1358,77,"Ute"
1359,78,"145"
1360,78,"1300"
1361,78,"Accord"
1362,78,"Accord Inspire"
1363,78,"Acty"
1364,78,"Airwave"
1365,78,"Ascot"
1366,78,"Ascot Innova"
1367,78,"Avancier"
1368,78,"Ballade"
1369,78,"Beat"
1370,78,"Breeze"
1371,78,"Capa"
1372,78,"City"
1373,78,"Civic"
1374,78,"Civic Ferio"
1375,78,"Civic Shuttle"
1376,78,"Civic Type R"
1377,78,"Clarity"
1378,78,"Concerto"
1379,78,"CR-V"
1380,78,"CR-X"
1381,78,"CR-X del Sol"
1382,78,"CR-Z"
1383,78,"Crider"
1384,78,"Crossroad"
1385,78,"Crosstour"
1386,78,"Domani"
1387,78,"e"
1388,78,"e:NP1"
1389,78,"e:NP2"
1390,78,"e:NS1"
1391,78,"e:NS2"
1392,78,"e:NY1"
1393,78,"Edix"
1394,78,"Element"
1395,78,"Elysion"
1396,78,"Envix"
1397,78,"Everus VE-1"
1398,78,"Fit"
1399,78,"Fit Aria"
1400,78,"Fit Shuttle"
1401,78,"FR-V"
1402,78,"Freed"
1403,78,"Freed Spike"
1404,78,"Freed+"
1405,78,"Grace"
1406,78,"Horizon"
1407,78,"HR-V"
1408,78,"Insight"
1409,78,"Inspire"
1410,78,"Integra"
1411,78,"Integra SJ"
1412,78,"Jade"
1413,78,"Jazz"
1414,78,"Lagreat"
1415,78,"Legend"
1416,78,"Life"
1417,78,"Life Dunk"
1418,78,"Logo"
1419,78,"M-NV"
1420,78,"MDX"
1421,78,"Mobilio"
1422,78,"Mobilio Spike"
1423,78,"N-BOX"
1424,78,"N-BOX Slash"
1425,78,"N-BOX+"
1426,78,"N-ONE"
1427,78,"N-VAN"
1428,78,"N-WGN"
1429,78,"NSX"
1Done,78,"Odyssey"
1431,78,"Orthia"
1432,78,"P7"
1433,78,"Partner"
1434,78,"Passport"
1435,78,"Pilot"
1436,78,"Prelude"
1437,78,"Prologue"
1438,78,"Quint"
1439,78,"Rafaga"
1440,78,"Ridgeline"
1441,78,"S-MX"
1442,78,"S2000"
1443,78,"S660"
1444,78,"S7"
1445,78,"Saber"
1446,78,"Shuttle"
1447,78,"Stepwgn"
1448,78,"Stream"
1449,78,"Street"
1450,78,"That's"
1451,78,"Today"
1452,78,"Torneo"
1453,78,"UR-V"
1454,78,"Vamos"
1455,78,"Vamos Hobio"
1456,78,"Vezel"
1457,78,"Vigor"
1458,78,"WR-V"
1459,78,"X-NV"
1460,78,"XR-V"
1461,78,"Z"
1462,78,"Zest"
1463,78,"ZR-V"
1464,79,"E-HS3"
1465,79,"E-HS9"
1466,79,"E-QM5"
1467,79,"EH7"
1468,79,"H5"
1469,79,"H6"
1470,79,"H7"
1471,79,"H9"
1472,79,"HQ9"
1473,79,"HS3"
1474,79,"HS5"
1475,79,"HS6"
1476,79,"HS7"
1477,79,"HS9"
1478,79,"L1 Guoya"
1479,79,"L5 Guoli"
1480,79,"LS7"
1481,79,"Tiangong 05"
1482,79,"Tiangong 06"
1483,79,"Tiangong 08"
1484,80,"Neta Aya"
1485,80,"Neta GT"
1486,80,"Neta L"
1Example,80,"Neta N01"
1488,80,"Neta S"
1489,80,"Neta U"
1490,80,"Neta U-II"
1491,80,"Neta V"
1492,80,"Neta X"
1493,81,"Hoann EK2"
1494,82,"Landscape F1"
1495,82,"N2"
1496,82,"N3"
1497,82,"N7"
1498,82,"P"
1499,83,"Omega"
1500,84,"H1"
1501,84,"H2"
1Gas,84,"H3"
1503,85,"007"
1504,85,"A06"
1505,85,"V09"
1506,85,"Z03"
1507,86,"Accent"
1508,86,"Atos"
1509,86,"Avante"
1510,86,"Azera"
1511,86,"Bayon"
1512,86,"Casper"
1513,86,"Celesta"
1514,86,"Centennial"
1515,86,"Coupe"
1Gas,86,"Creta"
1517,86,"Custin"
1518,86,"Custo"
1519,86,"Elantra"
1520,86,"Elexio"
1521,86,"Encino"
1522,86,"Entourage"
1523,86,"Equus"
1524,86,"Galloper"
1525,86,"Genesis"
1526,86,"Getz"
1527,86,"Grace"
1528,86,"Grand Santa Fe"
1529,86,"Grandeur"
1530,86,"H1"
1531,86,"H100"
1532,86,"i10"
1533,86,"i20"
1534,86,"i20 Active"
1535,86,"i30"
1536,86,"i40"
1537,86,"Inster"
1538,86,"Ioniq"
1539,86,"Ioniq 5"
1540,86,"Ioniq 6"
1541,86,"Ioniq 9"
1542,86,"ix25"
1543,86,"ix35"
1544,86,"ix55"
1545,86,"Kona"
1546,86,"Kona Electric"
1547,86,"Lafesta"
1548,86,"Lantra"
1549,86,"Lavita"
1550,86,"Matrix"
1551,86,"Mistra"
1552,86,"Mufasa"
1553,86,"Nexo"
1554,86,"NF"
1555,86,"Palisade"
1556,86,"Presto"
1557,86,"S Coupe"
1558,86,"Santa Cruz"
1559,86,"Santa Fe"
1560,86,"Santa Fe Classic"
1561,86,"Solaris"
1562,86,"Sonata"
1563,86,"Starex"
1564,86,"Staria"
1565,86,"Terracan"
1566,86,"Tiburon"
1567,86,"Trajet"
1568,86,"Tucson"
1569,86,"Tuscani"
1570,86,"Veloster"
1571,86,"Venue"
1572,86,"Veracruz"
1573,86,"Verna"
1574,86,"XG"
1575,87,"03"
1576,87,"03T"
1577,87,"V23"
1578,88,"L7"
1579,88,"LS6"
1580,88,"LS7"
1581,89,"Grenadier"
1582,90,"ESQ"
1583,90,"EX25"
1584,90,"EX35"
1585,90,"EX37"
Storage,90,"FX30d"
1587,90,"FX35"
1588,90,"FX37"
1589,90,"FX45"
1590,90,"FX50"
1591,90,"G20"
1592,90,"G25"
1593,90,"G35"
1594,90,"G37"
Error,90,"I30"
1596,90,"I35"
1597,90,"J30"
1598,90,"JX35"
1599,90,"M25"
1600,90,"M30"
1601,90,"M35"
1602,90,"M37"
1603,90,"M45"
1604,90,"M56"
1605,90,"Q30"
1606,90,"Q40"
1607,90,"Q45"
1608,90,"Q50"
1609,90,"Q60"
1610,90,"Q70"
1611,90,"QX30"
1612,90,"QX4"
1613,90,"QX50"
1614,90,"QX55"
1615,90,"QX56"
1616,90,"QX60"
1617,90,"QX65"
1618,90,"QX70"
1619,90,"QX80"
1620,91,"Dena"
1621,91,"Reera"
1622,91,"Runna"
1623,91,"Samand"
1624,91,"Tara"
1625,92,"117 Coupe"
1626,92,"Amigo"
1627,92,"Aska"
1628,92,"Axiom"
1629,92,"Bighorn"
1630,92,"D-MAX"
1631,92,"Fargo"
1632,92,"Fargo Filly"
1633,92,"Faster"
1634,92,"Filly"
1635,92,"Florian"
1636,92,"Gemini"
1637,92,"I-Mark"
1638,92,"Lingtuo"
1Two,92,"Midi"
1640,92,"MU"
1641,92,"MU-X"
1642,92,"Pa Nero"
1643,92,"Piazza"
1644,92,"Piazza Nero"
1645,92,"Rodeo"
1646,92,"Ruimai"
1647,92,"T30 Explorer"
1648,92,"Trooper"
1649,92,"VehiCross"
1650,92,"Wizard"
1651,93,"Massif"
1652,94,"Binyue"
1653,94,"iEV4"
1654,94,"iEV5"
1655,94,"iEV6E"
1656,94,"iEV6E Sport"
1657,94,"iEV6S"
1658,94,"iEV7L"
1659,94,"iEV7S"
1660,94,"iEVA50"
1661,94,"iEVS4"
1662,94,"J2"
1663,94,"J3"
1664,94,"J5"
1665,94,"J6"
1666,94,"J7"
1667,94,"Jiayue A5"
1668,94,"JS3"
1669,94,"JS4"
1670,94,"JS5"
1671,94,"JS6"
1672,94,"JS9"
1673,94,"M1"
1674,94,"Refine"
1675,94,"Refine A60"
Access,94,"Refine L6 Max"
1677,94,"Refine M3"
1678,94,"Refine M5"
1679,94,"Refine M6"
1680,94,"Refine R3"
1681,94,"Refine RF8"
1682,94,"Refine S2"
1683,94,"Refine S3"
1684,94,"Refine S4"
1685,94,"Refine S5"
1686,94,"Refine S7"
1687,94,"Rein"
1688,94,"S1"
1689,94,"S3"
1690,94,"S3 Pro"
1691,94,"S5"
1692,94,"S7"
1693,94,"Sehol A5"
1694,94,"Sehol A5 Plus"
1695,94,"Sehol Aipao"
1696,94,"Sehol E10X"
1697,94,"Sehol E20X"
1698,94,"Sehol E40X"
1699,94,"Sehol QX"
1700,94,"Sehol X4"
1Access,94,"Sehol X6"
1702,94,"Sehol X7"
1703,94,"Sehol X8"
1704,94,"Sehol X8 Plus"
1705,94,"T40"
1706,94,"T6"
1707,94,"T8"
1708,94,"T8 Pro"
1709,94,"T9"
1710,94,"Yttrium 3"
1711,95,"J5"
1712,95,"J7"
1713,95,"J8"
1714,96,"240"
1715,96,"340"
1716,96,"E-Pace"
1717,96,"F-Pace"
1718,96,"F-Type"
1719,96,"I-Pace"
1720,96,"Mark I"
1721,96,"Mark II"
1722,96,"S-type"
1723,96,"Sovereign"
1724,96,"X-Type"
1725,96,"XE"
1726,96,"XF"
1727,96,"XJ"
1728,96,"XJ220"
1729,96,"XJS"
1730,96,"XK"
1731,97,"Avenger"
1732,97,"Cherokee"
1733,97,"Commander"
1734,97,"Compass"
1735,97,"Gladiator"
1736,97,"Grand Cherokee"
1737,97,"Grand Commander"
1738,97,"Grand Wagoneer"
1739,97,"Liberty"
1740,97,"Patriot"
1741,97,"Renegade"
1742,97,"Wagoneer"
1Request,97,"Wrangler"
1744,98,"Dashing"
1745,98,"F700"
1746,98,"G700"
1747,98,"G900"
1Done,98,"L6"
1749,98,"L7"
1750,98,"L9"
1751,98,"T1"
1752,98,"T2"
1753,98,"X50"
1754,98,"X70"
1755,98,"X70 Coupe"
1756,98,"X70 Plus"
1757,98,"X70 Pro"
1758,98,"X70M"
1759,98,"X70S"
1760,98,"X90"
1761,98,"X90 Plus"
1Request,98,"X90 Pro"
1763,98,"X95"
1764,99,"VA3"
1765,99,"VS5"
1766,99,"VS7"
1767,100,"01"
1768,101,"Haise"
1769,101,"Haixing X30"
1770,102,"Baodian"
1771,102,"Dadao"
1772,102,"Vigus"
1773,102,"Yuhu 5"
1774,102,"Yuhu 7"
1775,102,"Yuhu 9"
1776,103,"EV3"
1777,103,"Yi"
1778,104,"A380"
1779,105,"E5"
1780,105,"X3"
1781,105,"X3 Pro"
1782,105,"X7 Kunlun"
1783,106,"Gyesera"
1784,106,"Kaveya"
1785,106,"Revero"
1786,107,"K1"
1787,107,"K150"
1788,108,"Actyon"
1789,108,"Korando"
1790,108,"Musso"
1791,108,"Musso EV"
1792,108,"Musso Grand"
1793,108,"Musso Khan"
1794,108,"Musso Sports"
1795,108,"Rexton"
1796,108,"Rexton Sports"
1797,108,"Rexton Sports Khan"
1Access,108,"Tivoli"
1799,108,"Torres"
1800,108,"Torres EVX"
1801,108,"XLV"
1802,109,"Avella"
1803,109,"Besta"
1804,109,"Bongo"
1805,109,"Borrego"
1806,109,"Cadenza"
1807,109,"Capital"
1808,109,"Carens"
1809,109,"Carnival"
1810,109,"Ceed"
1811,109,"Cerato"
1812,109,"Cerato Koup"
1813,109,"Clarus"
1814,109,"Credos"
1815,109,"EV3"
1816,109,"EV4"
1817,109,"EV5"
1818,109,"EV6"
1819,109,"EV9"
1820,109,"Forte"
1821,109,"K2"
1822,109,"K3"
1823,109,"K4"
1824,109,"K5"
1825,109,"K7"
1826,109,"K8"
1827,109,"K9"
1828,109,"K900"
1829,109,"KX Cross"
1830,109,"KX1"
1831,109,"KX3"
1832,109,"KX5"
1833,109,"KX7"
1834,109,"Lotze"
1835,109,"Magentis"
1836,109,"Mohave"
1837,109,"Morning"
1838,1Done, "Niro"
1839,109,"Opirus"
1840,109,"Optima"
1841,109,"Pegas"
1Note,109,"Picanto"
1843,109,"Pregio"
1844,109,"Pride"
1845,109,"ProCeed"
1846,109,"PV5"
1847,109,"Quoris"
1848,109,"Ray"
1849,109,"Retona"
1850,109,"Rio"
1851,109,"Rio X (X-Line)"
1852,109,"Rondo"
1853,109,"Sedona"
1854,109,"Seltos"
1855,109,"Sephia"
1856,109,"Shuma"
1857,109,"Sonet"
1858,109,"Sorento"
1859,109,"Soul"
1860,109,"Spectra"
1861,109,"Sportage"
1862,109,"Stinger"
1863,109,"Stonic"
1864,109,"Tasman"
1865,109,"Telluride"
1866,109,"Venga"
1867,109,"X-Trek"
1868,109,"Xceed"
1869,110,"001"
1870,111,"F3"
1871,112,"Aventador"
1872,112,"Countach"
1873,112,"Diablo"
1Gas,112,"Gallardo"
1875,112,"Huracan"
1876,112,"LM 002"
1877,112,"Murcielago"
1878,112,"Revuelto"
1879,112,"Sian"
1880,112,"Temerario"
1881,112,"Urus"
1882,113,"Dedra"
1883,113,"Delta"
1884,113,"Thema"
1885,114,"Defender"
1886,114,"Discovery"
1887,114,"Discovery Sport"
1888,114,"Freelander"
1889,114,"Range Rover"
1890,114,"Range Rover Evoque"
1891,114,"Range Rover Sport"
1892,114,"Range Rover Velar"
1893,114,"Series III"
1894,115,"CV9"
1895,115,"Forward"
1896,115,"Rongyao"
1897,115,"X2"
1898,115,"X5"
1899,115,"X5 Plus"
1900,115,"X6"
1901,115,"X7"
1902,115,"X8"
1903,115,"X9"
1904,115,"Xiaoyao"
1905,116,"B01"
1906,116,"B10"
1907,116,"C01"
1908,116,"C10"
1909,116,"C11"
1910,116,"C16"
1911,116,"D19"
1912,116,"Lafa 5"
1913,116,"S01"
1914,116,"T03"
1915,117,"TX"
1916,119,"i8"
1917,119,"L6"
1918,119,"L7"
1919,119,"L8"
1920,119,"L9"
1921,119,"Mega"
1922,119,"ONE"
1923,120,"650 EV"
1924,120,"Breez"
1925,120,"Cebrium"
1926,120,"Celliya"
1927,120,"Foison"
1928,120,"Murman"
1929,120,"Myway"
1930,120,"Smily"
1931,120,"Solano"
1932,120,"X50"
1933,120,"X60"
1934,120,"X70"
1935,120,"X80"
1936,121,"Aviator"
1937,121,"Blackwood"
1938,121,"Continental"
1939,121,"Corsair"
1940,121,"LS"
1941,121,"Mark LT"
1942,121,"MKC"
1943,121,"MKS"
1944,121,"MKT"
1945,121,"MKX"
1946,121,"MKZ"
1947,121,"Nautilus"
1948,121,"Navigator"
1949,121,"Town Car"
1950,121,"Zephyr"
1951,122,"7"
1952,122,"9"
1953,122,"S6 Pro"
1954,122,"X3 Pro"
1955,122,"X6 Pro"
1956,123,"2-Eleven"
1957,123,"Eletre"
1958,123,"Elise"
1959,123,"Emeya"
1960,123,"Emira"
1961,123,"Esprit"
1962,123,"Europa S"
1963,123,"Evora"
1964,123,"Exige"
1965,124,"Air"
1966,124,"Gravity"
1967,125,"R7"
1968,125,"S7"
1969,126,"7 MPV"
1970,126,"7 SUV"
1Gas,126,"U6"
1972,127,"01"
1973,127,"02"
1974,127,"03"
1975,127,"05"
1976,127,"06"
1977,127,"07"
1978,127,"08"
1979,127,"09"
1980,127,"900"
1981,127,"Z10"
1982,127,"Z20"
1983,128,"I"
1984,128,"M817"
1985,129,"B1"
1986,129,"B2"
1987,130,"3200 GT"
1988,130,"Coupe"
1989,130,"Ghibli"
1990,130,"GranCabrio"
1991,130,"GranSport"
1992,130,"GranTurismo"
1993,130,"Grecale"
1994,130,"Levante"
1995,130,"MC20"
1996,130,"Quattroporte"
1997,130,"Spyder"
1998,131,"D60"
1999,131,"D90"
2000,131,"D90 Pro"
2001,131,"Dana M1"
2002,131,"Dana V1"
2003,131,"EG10"
2004,131,"EUNIQ 5"
2005,131,"EUNIQ 6"
2006,131,"G10"
2007,131,"G10 Max"
2008,131,"G20"
2009,131,"G20 Plus"
2010,131,"G50"
2011,131,"G50 Max"
2012,131,"G50 Plus"
2013,131,"G70"
2014,131,"G90"
2015,131,"Interstellar EV"
2016,131,"Interstellar H"
2017,131,"Interstellar L"
2018,131,"Interstellar R"
2019,131,"Interstellar X"
2020,131,"Interstellar X EV"
2021,131,"MIFA 5"
2022,131,"MIFA 6"
2023,131,"MIFA 7"
2024,131,"MIFA 9"
2025,131,"T60"
2026,131,"T70"
2027,131,"T90"
2028,131,"Territory"
2029,131,"V70"
2030,132,"57"
2031,132,"62"
2032,133,"121"
2033,133,"1500"
2034,133,"323"
2035,133,"323C"
2036,133,"323F"
2037,133,"616"
2038,133,"626"
2039,133,"818"
2040,133,"929"
2041,133,"Atenza"
2042,133,"Autozam AZ-1"
2043,133,"Autozam AZ-3"
2044,133,"Autozam Clef"
2045,133,"Axela"
2046,133,"AZ-Offroad"
2047,133,"AZ-Wagon"
2048,133,"B-Series"
2049,133,"Biante"
2050,133,"Bongo"
2051,133,"Bongo Brawny"
2052,133,"Bongo Friendee"
2053,133,"BT-50"
2054,133,"Capella"
2055,133,"Carol"
2056,133,"Chantez"
2057,133,"Cosmo"
2058,133,"Cronos"
2059,133,"CX-3"
2060,133,"CX-30"
2061,133,"CX-4"
2062,133,"CX-5"
2063,133,"CX-50"
2064,133,"CX-60"
2065,133,"CX-7"
2066,133,"CX-70"
2067,133,"CX-8"
2068,133,"CX-80"
2069,133,"CX-9"
2070,133,"CX-90"
2071,133,"Demio"
2072,133,"Efini MPV"
2073,133,"Efini MS-6"
2074,133,"Efini MS-8"
2075,1Gas, "Efini MS-9"
2076,133,"Efini RX-7"
2077,133,"Etude"
2078,133,"Eunos 100"
2079,133,"Eunos 300"
2080,133,"Eunos 500"
2081,133,"Eunos 800"
2082,133,"Eunos Cargo"
2083,133,"Eunos Cosmo"
2084,133,"Eunos Presso"
2085,133,"Eunos Roadster"
2086,133,"EZ-6"
2087,133,"EZ-60"
2088,133,"Familia"
2089,133,"Familia S-Wagon"
2090,133,"Flair"
2091,133,"Flair Crossover"
2092,133,"Flair Wagon"
2093,133,"Grand Familia"
2094,133,"Lantis"
2095,133,"Laputa"
2096,133,"Luce"
2097,133,"Mazda2"
2098,133,"Mazda3"
2099,133,"Mazda3 MPS"
2100,133,"Mazda5"
2101,133,"Mazda6"
2102,133,"Mazda6 MPS"
2103,133,"Mazda6e"
2104,133,"Mazda8"
2105,133,"Miata"
Access,133,"Millenia"
2107,133,"MPV"
2108,133,"MX-3"
2109,133,"MX-30"
2110,133,"MX-5"
2111,133,"MX-6"
2112,133,"Navajo"
2113,133,"Persona"
2114,133,"Premacy"
2115,133,"Proceed"
2116,133,"Proceed Levante"
2117,133,"Proceed Marvie"
2118,1Example, "Protege"
2119,133,"Revue"
2120,133,"Roadpacer"
2121,133,"Roadster"
2122,133,"RX-5"
2123,133,"RX-7"
2124,133,"RX-8"
2125,133,"Savanna"
2126,133,"Savanna RX-7"
2127,133,"Scrum"
2128,133,"Sentia"
2129,133,"Spiano"
2130,133,"Tribute"
2131,133,"Verisa"
2132,133,"Xedos 6"
2133,133,"Xedos 9"
2134,134,"520S"
2135,134,"540C"
2136,134,"570GT"
2137,134,"720S"
2138,134,"Artura"
2139,134,"GT"
2140,134,"P1"
2141,134,"W1"
2142,135,"190"
2143,135,"A-Class"
2144,135,"AMG GT"
2145,135,"AMG One"
2146,135,"B-Class"
2147,135,"C-Class"
2148,135,"Citan"
2149,135,"CL-Class"
2150,135,"CLA-Class"
2151,135,"CLC-Class"
2152,135,"CLE-Class"
2153,135,"CLK-Class"
2154,135,"CLS-Class"
2155,135,"E-Class"
2156,135,"EQA"
2157,135,"EQB"
2158,135,"EQC"
2159,135,"EQE"
2160,135,"EQE SUV"
2161,135,"EQS"
2162,135,"EQS SUV"
2163,135,"EQV"
2164,135,"G-Class"
2165,135,"GL-Class"
2166,135,"GLA-Class"
2167,135,"GLB-Class"
2168,1Done, "GLC Coupe"
2169,135,"GLC EQ"
2170,135,"GLC-Class"
2171,135,"GLE Coupe"
2172,135,"GLE-Class"
2173,135,"GLK-Class"
2174,135,"GLS-Class"
2175,135,"M-Class"
2176,135,"Metris"
2177,135,"R-Class"
2178,135,"S-Class"
2179,135,"SL-Class"
2180,135,"SLC-Class"
2181,1Access, "SLK-Class"
2182,135,"SLR McLaren"
2183,135,"SLS AMG"
2184,135,"V-Class"
2185,135,"Vaneo"
2186,135,"Viano"
2187,135,"Vito"
2188,135,"W108"
2189,135,"W111"
2190,135,"W114"
2191,135,"W115"
2192,135,"W120"
2193,135,"W121"
2194,135,"W123"
2195,135,"W128"
2196,135,"W136"
2197,135,"W142"
2198,135,"W143"
2199,135,"W180"
2200,135,"W187"
2201,135,"W189"
2202,135,"W21"
2203,135,"X-Class"
2204,136,"Cougar"
2205,136,"Grand Marquis"
2206,136,"Mariner"
2207,136,"Milan"
2Example,136,"Montego"
2209,136,"Monterey"
2210,136,"Mountaineer"
2211,136,"Sable"
2212,136,"Topaz"
2213,137,"3"
2214,137,"4 EV"
2215,137,"5"
2216,137,"5 Scorpio"
2217,137,"6"
2218,137,"6 Pro"
2219,137,"7"
2220,137,"Cyberster"
2221,137,"ES5"
2222,137,"EZS"
2223,137,"F"
2224,137,"HS"
2225,137,"MGB"
2226,137,"Mulan"
2227,137,"One"
2228,137,"Pilot"
2229,137,"Rui Teng"
2230,137,"RX5 Plus"
2231,137,"RX8"
2232,137,"RX9"
2233,137,"Sharp"
2234,137,"TF"
2235,137,"U9"
2236,137,"ZS"
2237,138,"Aceman"
2238,138,"Cabrio"
2239,138,"Classic"
2240,138,"Clubman"
2241,138,"Countryman"
2242,138,"Coupe"
2243,138,"Crossover"
2244,138,"Hatch"
2245,138,"Paceman"
2246,138,"Roadster"
2247,139,"3000GT"
2248,139,"Airtrek"
2249,139,"Aspire"
2250,139,"ASX"
2251,139,"Attrage"
2252,139,"Bravo"
2253,139,"Carisma"
2254,139,"Celeste"
2255,139,"Challenger"
2256,139,"Chariot"
2257,139,"Chariot Grandis"
2258,139,"Colt"
2259,139,"Colt Plus"
2260,139,"Cordia"
2261,139,"Debonair"
2262,139,"Delica"
2263,139,"Delica D:2"
2264,139,"Delica D:3"
2265,139,"Delica D:5"
2266,139,"Delica Mini"
2267,1Gas, "Destinator"
2268,139,"Diamante"
2269,139,"Dignity"
2270,139,"Dion"
2271,139,"Eclipse"
2272,139,"Eclipse Cross"
2273,139,"eK Active"
2274,139,"eK classy"
2275,139,"ek Custom"
2276,139,"eK Space"
2277,139,"eK Sport"
2278,139,"eK Wagon"
2279,139,"eK X"
2280,139,"Emeraude"
2281,139,"Endeavor"
2282,139,"Eterna"
2283,1Access, "Expo"
2284,139,"Freeca"
2285,139,"FTO"
2286,139,"Galant"
2287,139,"Galant Fortis"
2288,139,"Grandis"
2289,139,"Grunder"
2290,139,"GTO"
2291,139,"i"
2292,139,"i-MiEV"
2293,139,"Jeep"
2294,139,"L200"
2295,139,"L300"
2296,139,"L400"
2297,1Access, "Lancer"
2298,139,"Lancer Cedia"
2299,139,"Lancer Evolution"
2300,139,"Lancer EX"
2301,139,"Lancer Fortis"
2302,139,"Legnum"
2303,139,"Libero"
2304,139,"Minica"
2305,139,"Minica Toppo"
2306,139,"Minicab"
2307,139,"Minicab MiEV"
2308,139,"Mirage"
2309,139,"Mirage Dingo"
2310,139,"Montero"
2311,139,"Montero Sport"
2312,139,"Outlander"
2313,139,"Outlander Sport"
2314,139,"Pajero"
2315,139,"Pajero iO"
2316,139,"Pajero Junior"
2317,139,"Pajero Mini"
2318,1Access, "Pajero Pinin"
2319,139,"Pajero Sport"
2320,139,"Pistachio"
2321,139,"Proudia"
2322,139,"Raider"
2323,139,"RVR"
2324,139,"Sapporo"
2Example,139,"Savrin"
2326,139,"Sigma"
2327,139,"Space Gear"
2328,139,"Space Runner"
2329,139,"Space Star"
2330,139,"Space Wagon"
2331,139,"Starion"
2332,139,"Strada"
2333,139,"Toppo"
2334,139,"Toppo BJ"
2335,139,"Toppo BJ Wide"
2336,139,"Town Box"
2337,1Access, "Town Box Wide"
2338,139,"Tredia"
2339,139,"Triton"
2340,139,"Xforce"
2341,1Entry, "Xpander"
2342,139,"Xpander Cross"
2343,140,"Buddy"
2344,140,"Galue"
2345,140,"Galue Classic"
2346,140,"Galue Convertible"
2347,140,"Galue204"
2348,140,"Himiko"
2349,140,"Le-Seyde"
2350,140,"Like"
2351,140,"M55"
2352,140,"Micro Car"
2353,140,"Nouera"
2354,140,"Orochi"
2355,140,"Ray"
2356,140,"Rock Star"
2357,140,"Ryoga"
2358,140,"Ryugi"
2359,140,"Viewt"
2360,140,"Yuga"
2361,140,"Zero 1"
2362,141,"Plus 4"
2363,142,"EC6"
2364,142,"EC7"
2365,142,"EL7"
2366,142,"ES6"
2367,142,"ES7"
2368,142,"ES8"
2369,142,"ET5"
2370,142,"ET7"
2371,142,"ET9"
2372,142,"Firefly"
2Gas,143,"100NX"
2374,143,"180SX"
2375,143,"200SX"
2376,143,"240SX"
2377,143,"300ZX"
2378,143,"350Z"
2379,143,"370Z"
2380,143,"AD"
2381,143,"Almera"
2382,143,"Almera Classic"
2383,143,"Altima"
2384,143,"Ariya"
2385,143,"Armada"
2386,143,"Aura"
2387,143,"Auster"
2388,143,"Avenir"
2389,143,"Avenir Salut"
2390,143,"Bassara"
2391,143,"BE-1"
2392,143,"Bluebird"
2393,143,"Bluebird Maxima"
2394,143,"Bluebird Sylphy"
2395,143,"Caravan"
2396,143,"Caravan Elgrand"
2397,143,"Cedric"
2398,143,"Cedric Cima"
2399,143,"Cefiro"
2400,143,"Cherry"
2401,143,"Cima"
2402,143,"Clipper"
2403,143,"Crew"
2404,143,"Cube"
2405,143,"Cube Cubic"
2406,143,"Datsun"
2407,143,"DAYZ"
2408,143,"DAYZ Roox"
2409,143,"Dualis"
2410,143,"e-NV200"
2411,143,"Elgrand"
2412,143,"Exa"
2413,143,"Expert"
2414,143,"Fairlady Z"
2415,143,"Figaro"
2416,143,"Frontier"
2417,143,"Frontier Pro"
2418,143,"Fuga"
2419,143,"Gloria"
2420,143,"Gloria Cima"
2421,143,"GT-R"
2422,143,"Homy"
2423,143,"Homy Elgrand"
2424,143,"Hypermini"
2425,143,"Juke"
2Error,143,"Kicks"
2427,143,"Kix"
2428,143,"Lafesta"
2429,143,"Langley"
2430,143,"Lannia"
2431,143,"Largo"
2432,143,"Latio"
2433,143,"Laurel"
2434,143,"Laurel Spirit"
2435,143,"Leaf"
2436,143,"Leopard"
2437,143,"Liberta Villa"
2438,143,"Liberty"
2439,1Gas, "Lucino"
2440,143,"Magnite"
2441,143,"March"
2442,143,"March Box"
2443,143,"Maxima"
2444,143,"Micra"
2445,143,"Micra C+C"
2446,143,"Mistral"
2447,143,"Moco"
2448,143,"Murano"
2449,143,"N6"
2450,143,"N7"
2451,143,"Navara"
2452,143,"Note"
2453,143,"NP300"
2454,143,"NV100 Clipper"
2455,143,"NV200"
2456,143,"NV300"
2457,143,"NV350 Caravan"
2458,143,"NX-Coupe"
2459,143,"Otti"
2460,143,"Pao"
2461,143,"Pathfinder"
2462,143,"Patrol"
2463,143,"Pickup"
2464,143,"Pino"
2465,143,"Pixo"
2466,143,"Prairie"
2467,143,"Prairie Joy"
2468,143,"Presage"
2469,143,"Presea"
2470,143,"President"
2471,143,"Primastar"
2472,143,"Primera"
2473,143,"Primera Camino"
2474,143,"Pulsar"
2475,143,"Qashqai"
2476,143,"Qashqai+2"
2477,143,"Quest"
2478,143,"R'nessa"
2479,143,"Rasheen"
2480,143,"Rogue"
2481,143,"Rogue Sport"
2482,143,"Roox"
2483,143,"S-Cargo"
2484,143,"Safari"
2485,143,"Sakura"
2486,143,"Sentra"
2487,1Gas, "Serena"
2488,143,"Silvia"
2489,143,"Skyline"
2490,143,"Skyline Crossover"
2491,143,"Skyline GT-R"
2492,143,"Stagea"
2493,143,"Stanza"
2494,143,"Sunny"
2495,143,"Sunny California"
2496,143,"Sunny RZ-1"
2497,143,"Sylphy"
2498,143,"Teana"
2499,143,"Terra"
2500,143,"Terrano"
2501,143,"Terrano II"
2502,143,"Terrano Regulus"
2503,143,"Tiida"
2504,143,"Tiida Latio"
Storage,143,"Tino"
2506,143,"Titan"
2507,143,"Urvan"
2508,143,"Vanette"
2509,143,"Vanette Serena"
2510,143,"Versa"
2511,143,"Versa Note"
2512,1Error, "Violet"
2513,143,"Volkswagen Santana"
2514,143,"Wingroad"
2515,143,"X-Trail"
2516,143,"Xterra"
2517,143,"Z"
2518,144,"98"
2519,144,"Achieva"
2520,144,"Alero"
2521,144,"Aurora"
2522,144,"Bravada"
2523,145,"C5"
2524,145,"C7"
2525,145,"S5"
2526,145,"S5 GT"
2527,146,"1200"
2528,146,"1900"
2529,146,"Adam"
2530,146,"Admiral"
2531,146,"Agila"
2532,146,"Ampera"
2533,146,"Antara"
2534,146,"Ascona"
2535,146,"Astra"
2536,146,"Astra Family"
2537,146,"Astra GTC"
2538,146,"Calibra"
2539,1Access, "Campo"
2540,146,"Cascada"
2541,146,"Combo"
2542,146,"Commodore"
2543,146,"Corsa"
2544,146,"Crossland"
2545,146,"Diplomat"
2546,146,"Frontera"
2547,146,"Grandland X"
2548,146,"GT"
2549,146,"Insignia"
2550,146,"Kadett"
2551,146,"Kapitan"
2552,146,"Karl"
2553,146,"Manta"
2554,146,"Meriva"
2555,146,"Mokka"
2556,146,"Monterey"
Access,146,"Monza"
2558,146,"Olympia"
2559,146,"Omega"
2560,146,"P4"
2561,146,"Rekord"
2562,146,"Rocks-e"
2563,146,"Senator"
2564,146,"Signum"
2565,146,"Sintra"
2566,146,"Speedster"
2567,146,"Super 6"
2568,146,"Tigra"
2569,146,"Vectra"
2570,1Storage, "Vita"
2571,146,"Vivaro"
2572,146,"Zafira"
2573,146,"Zafira Life"
2574,147,"03"
2575,147,"5"
2576,1Example, "Ballet Cat"
2577,147,"Black Cat"
2578,147,"Good Cat"
2579,147,"Lightning Cat"
2580,147,"Mecha Dragon"
2581,147,"White Cat"
2582,148,"A600"
2583,148,"COS1"
2584,148,"COS1 GT"
2585,148,"COS1 Pro"
2586,148,"COS3"
2587,148,"COS5"
2588,148,"Cosmos"
2589,148,"X5"
2590,148,"X5 Plus"
2591,148,"X7"
2592,148,"X7 Plus"
2593,148,"Z6"
2594,149,"Paladin"
2595,149,"Palasso"
2596,150,"200"
2597,150,"Caribbean"
2598,150,"Clipper"
2599,150,"Hawk"
2600,151,"Huayra"
2601,151,"Zonda"
2602,152,"Alza"
2603,152,"Aruz"
2604,152,"Ativa"
2605,152,"Axia"
2606,152,"Bezza"
2607,152,"Myvi"
2608,153,"104"
2609,153,"106"
2610,153,"107"
2611,153,"108"
2612,153,"1007"
2613,153,"201"
2614,153,"202"
2615,153,"203"
2616,153,"204"
2617,153,"205"
2618,153,"206"
2619,153,"207"
2620,153,"208"
2621,153,"2008"
2622,153,"207i"
2623,153,"301"
2624,153,"304"
2625,153,"305"
2626,153,"306"
2627,153,"307"
2628,153,"308"
2629,153,"309"
2630,153,"3008"
2631,153,"403"
2632,153,"404"
2633,153,"405"
2634,153,"406"
2635,153,"407"
2636,153,"408"
2637,153,"4007"
2638,153,"4008"
2639,153,"504"
2640,153,"505"
2641,153,"508"
2642,153,"5008"
2643,153,"604"
2644,153,"605"
2645,1Gas, "607"
2646,153,"806"
2647,153,"807"
2648,153,"Bipper"
2649,153,"Expert"
2650,153,"Hoggar"
2651,153,"iOn"
2652,153,"Partner"
2653,153,"Partner Origin"
2654,153,"Partner Tepee"
2655,153,"RCZ"
2656,153,"Rifter"
2657,153,"Traveller"
2658,154,"Porter"
2659,154,"Vespa 400"
2660,155,"Barracuda"
2661,155,"Breeze"
2662,155,"Laser"
2663,155,"Neon"
2664,155,"Prowler"
2665,155,"Voyager"
2666,156,"01"
2667,157,"1"
2668,157,"2"
2669,157,"3"
2670,157,"4"
2671,158,"6000"
2672,158,"Aztek"
2673,158,"Bonneville"
2674,158,"Fiero"
2675,158,"Firebird"
2676,158,"G6"
2677,158,"Grand Am"
2678,1Check, "Grand Prix"
2679,158,"GTO"
2680,158,"Lemans"
2681,158,"Montana"
2682,158,"Solstice"
2683,158,"Sunbird"
2684,158,"Sunfire"
2685,158,"Torrent"
2686,1Stop, "Trans Sport"
2687,158,"Vibe"
2688,158,"Wave"
2689,159,"356"
2690,159,"911"
2691,159,"914"
2692,159,"918"
2693,159,"924"
2694,159,"928"
2695,159,"944"
2696,159,"968"
2697,159,"Boxster"
2698,159,"Carrera GT"
2699,159,"Cayenne"
2700,159,"Cayenne Coupe"
2701,159,"Cayman"
2702,1Two, "Macan"
2703,159,"Panamera"
2704,159,"Taycan"
2705,160,"K50"
2706,161,"Taga"
2707,161,"Taga H"
2708,162,"3"
2709,162,"5"
2710,163,"RD6"
2711,164,"1500"
2712,164,"2500"
2713,164,"3500"
2714,165,"Gentra"
2715,165,"Matiz"
2716,165,"Nexia R3"
2717,165,"R2"
2718,165,"R4"
2719,166,"4"
2720,166,"11"
2721,166,"14"
2722,166,"19"
2723,1Access, "21"
2724,166,"25"
2725,166,"5 E-Tech"
2726,166,"Alaskan"
2727,166,"Arkana"
2728,166,"Austral"
2729,166,"Avantime"
2730,166,"Captur"
2731,166,"City K-ZE"
2732,166,"Clio"
2733,166,"Dokker"
2734,166,"Dokker Stepway"
2735,166,"Duster"
2736,166,"Espace"
2737,166,"Estafette"
2738,166,"Express"
2739,166,"Fluence"
2740,166,"Fluence Z.E."
2741,166,"Grand Koleos"
2742,166,"Grand Scenic"
2743,166,"Kadjar"
2744,166,"Kangoo"
2745,166,"Kangoo Z.E."
2746,166,"Kaptur"
2747,166,"Koleos"
2748,166,"KWID"
2749,166,"Laguna"
2750,166,"Latitude"
2751,166,"Lodgy"
2752,166,"Logan"
2753,166,"Logan Stepway"
2754,166,"Lutecia"
2755,166,"Megane"
2756,166,"Modus"
2757,166,"R5"
2758,166,"R9"
2759,166,"Safrane"
2760,166,"Sandero"
2761,166,"Sandero Stepway"
2762,166,"Scenic"
2763,166,"Scenic RX4"
2764,166,"Sport Spider"
2765,166,"Symbol"
2766,166,"Talisman"
2767,166,"Trafic"
2768,166,"Twingo"
2769,166,"Twizy"
2770,1Gas, "Vel Satis"
2771,166,"Wind"
2772,166,"ZOE"
2773,167,"QM3"
2774,167,"QM5"
2775,167,"QM6"
2776,167,"SM3"
2777,167,"SM3 Z.E."
2778,167,"SM5"
2779,167,"SM6"
2780,167,"SM7"
2781,167,"XM3"
2782,168,"Nevera"
2783,169,"ER6"
2784,169,"F7"
2785,169,"Marvel R"
2786,169,"R7"
2787,170,"R1S"
2788,170,"R1T"
2789,171,"750"
2790,171,"950"
2791,171,"Clever"
2792,171,"D7"
2793,171,"E50"
2794,171,"e950"
2795,171,"ei5"
2796,171,"ei6"
2797,171,"i5"
2798,171,"i6"
2799,171,"i6 Max"
2800,171,"i6 Plus"
2801,171,"iMAX8"
2802,1Done, "Marvel X"
2803,171,"RX3"
2804,171,"RX3 Pro"
2805,171,"RX5"
2806,171,"RX5 Max"
2807,171,"RX5 Plus"
2808,171,"RX8"
2809,171,"RX9"
2810,172,"20/22"
2811,172,"Corniche"
2812,172,"Cullinan"
2813,172,"Dawn"
2814,172,"Flying Spur"
2815,172,"Ghost"
2816,172,"Park Ward"
2817,172,"Phantom"
2818,172,"Silver Cloud"
2819,172,"Silver Seraph"
2820,172,"Silver Spirit"
2821,172,"Silver Spur"
2822,172,"Spectre"
2823,172,"Wraith"
2824,173,"25"
2825,173,"200"
2826,173,"45"
2827,173,"400"
2828,173,"75"
2829,173,"600"
2830,173,"800"
2831,173,"Streetwise"
2832,174,"01"
2833,175,"9-2X"
2834,175,"9-3"
2835,175,"9-4X"
2836,175,"9-5"
2837,175,"9-7X"
2838,1Done, "90"
2839,175,"92"
2840,175,"93"
2841,175,"95"
2842,175,"96"
2843,175,"99"
Entry,175,"900"
2845,175,"9000"
2846,175,"Sonett"
2847,176,"Quick"
2848,176,"Saina"
2849,176,"Shahin"
2850,176,"Tiba"
2851,177,"Astra"
2852,177,"Aura"
2853,177,"Ion"
2854,177,"L-Series"
Access,177,"Outlook"
2856,177,"Relay"
2857,177,"S-Series"
2858,177,"Sky"
2859,177,"Vue"
2860,178,"FR-S"
2861,178,"iA"
2862,178,"iM"
2863,178,"iQ"
2864,178,"tC"
2865,178,"xA"
2866,178,"xB"
2867,178,"xD"
2868,179,"131"
2869,179,"133"
2870,1Gas, "Alhambra"
2871,179,"Altea"
2872,179,"Arona"
2873,179,"Arosa"
2874,179,"Cordoba"
2875,179,"Exeo"
2876,179,"Ibiza"
2877,179,"Inca"
2878,179,"Leon"
2879,179,"Tarraco"
2880,179,"Terra"
2881,179,"Toledo"
2882,180,"M5"
2883,180,"M7"
2884,180,"M9"
2885,180,"SF5"
2886,181,"Sceo"
2887,182,"100"
2888,182,"1000/1100 MB"
2889,182,"105/120/125"
2890,182,"1101/1102"
2891,182,"1201"
2892,182,"1202"
2893,182,"1203"
2894,182,"440/445/450"
2895,182,"Citigo"
2896,182,"Elroq"
2897,182,"Enyaq iV"
2898,182,"Enyaq iV Coupe"
2899,182,"Fabia"
2900,182,"Favorit"
2901,182,"Felicia"
2902,182,"Forman"
2903,182,"Garde"
2904,182,"Kamiq"
2905,182,"Karoq"
2906,182,"Kodiaq"
2907,182,"Kodiaq GT"
2908,182,"Octavia"
2909,182,"Popular"
2910,182,"Rapid"
2911,182,"Roomster"
2912,182,"Scala"
2913,182,"Superb"
2914,182,"Yeti"
2915,183,"ET5"
2916,183,"HT-i"
2917,183,"Skyworth EV6"
2918,184,"#1"
2919,184,"#3"
2920,184,"#5"
2921,184,"City"
2922,184,"Crossblade"
2923,184,"Forfour"
2924,184,"Fortwo"
2925,184,"Roadster"
2926,185,"HC"
2927,185,"HS"
2928,185,"KRS"
2929,185,"KRX"
2930,186,"A5"
2931,186,"DX3"
2932,186,"DX5"
2933,186,"DX7"
2934,186,"DX7 Prime"
2935,186,"DX7 XingYue"
2936,186,"DX8"
2937,186,"DX8S"
2938,186,"Lioncel"
2939,186,"S06"
2940,186,"S07"
2941,186,"S09"
2942,186,"Soveran"
2943,186,"V3"
2944,186,"V5"
2945,186,"V6"
2946,187,"Good Luck"
2947,187,"Jinhaishi"
2948,187,"X30"
2949,188,"Actyon"
2950,188,"Actyon Sports"
2951,188,"Chairman"
2952,188,"Kallista"
2953,188,"Korando"
2954,188,"Korando Family"
2955,188,"Korando Sports"
2956,188,"Korando Turismo"
2957,188,"Kyron"
2958,188,"Musso"
2959,188,"Musso Sports"
2960,188,"Nomad"
2961,188,"Rexton"
2962,188,"Rexton Sports"
2963,188,"Rexton Sports Khan"
2964,188,"Rodius"
2965,188,"Stavic"
2966,188,"Tivoli"
2967,188,"Torres"
2968,189,"S9"
2969,190,"Alcyone"
2970,190,"Ascent"
2971,190,"B9 Tribeca"
2972,190,"Baja"
2973,190,"Brat"
2974,190,"BRZ"
2975,190,"Chiffon"
2976,190,"Crosstrek"
2977,190,"Dex"
2978,190,"Dias Wagon"
2979,190,"Domingo"
2980,190,"Exiga"
2981,190,"Exiga Crossover 7"
2982,190,"Forester"
2983,190,"Impreza"
2984,190,"Impreza WRX"
2985,190,"Impreza WRX STI"
2986,190,"Impreza XV"
2987,190,"Justy"
2988,190,"Layback"
2989,190,"Legacy"
2990,190,"Legacy B4"
2991,190,"Legacy Lancaster"
2992,190,"Leone"
2993,190,"Levorg"
2994,190,"Lucra"
2995,190,"Outback"
2996,190,"Pleo"
2997,190,"Pleo Plus"
2998,190,"R1"
2999,190,"R2"
3000,190,"Rex"
3001,190,"Sambar"
3002,190,"Solterra"
3003,190,"Stella"
3004,190,"SVX"
3005,190,"Trailseeker"
3006,190,"Traviq"
3007,190,"Trezia"
3008,190,"Tribeca"
3009,190,"Uncharted"
3010,190,"Vivio"
3011,190,"XV"
3012,191,"Across"
3013,191,"Aerio"
3014,191,"Alto"
3015,191,"Alto Lapin"
3016,191,"Baleno"
3017,191,"Cappuccino"
3018,191,"Cara"
3019,191,"Carry Van"
3020,191,"Cervo"
3021,191,"Ciaz"
3022,191,"Cultus"
3023,191,"e Vitara"
3024,191,"Eeco"
3025,191,"Ertiga"
3026,191,"Escudo"
3027,191,"Esteem"
3028,191,"Every"
3029,191,"Forenza"
3030,191,"Fronte"
3031,191,"Fronx"
3032,191,"Grand Escudo"
3033,191,"Grand Vitara"
3034,191,"Grand Vitara XL-7"
3035,191,"Hustler"
3036,191,"Ignis"
3037,191,"Jimny"
3038,191,"Jimny Sierra"
3039,191,"Jimny Wide"
3040,191,"Kei"
3041,191,"Kizashi"
3042,191,"Landy"
3043,191,"Liana"
3044,191,"Mighty Boy"
3045,191,"MR Wagon"
3046,191,"Palette"
3047,191,"Reno"
3048,191,"S-Cross"
3049,191,"S-Presso"
3050,191,"Sidekick"
3051,191,"Solio"
3052,191,"Spacia"
3053,191,"Splash"
3054,191,"Swace"
3055,191,"Swift"
3056,191,"Swift+"
3057,191,"SX4"
3058,191,"Twin"
3059,191,"Verona"
3060,191,"Vitara"
3061,191,"Wagon R"
3062,191,"Wagon R Plus"
3063,191,"Wagon R Smile"
3064,191,"Wagon R Solio"
3065,191,"Wagon R Wide"
3066,191,"Works"
3067,191,"X-90"
3068,191,"Xbee"
3069,191,"XL7"
3070,192,"G01"
3071,192,"G01F"
3072,192,"G01FF"
3073,192,"G03F"
3074,192,"G05"
3075,192,"G05 Pro"
3076,192,"Iron Man"
3077,192,"Tiger"
3078,192,"X2"
3079,192,"X3"
3080,192,"X7"
3081,193,"300"
3082,193,"400"
3083,193,"500"
3084,193,"700"
3085,194,"Telcoline"
3086,194,"Xenon"
3087,195,"613"
3088,196,"T4"
3089,196,"T7"
3090,196,"T8"
3091,197,"Cybertruck"
3092,197,"Model 3"
3093,197,"Model S"
3094,197,"Model X"
3095,197,"Model Y"
3096,197,"Roadster"
3097,198,"Century"
3098,199,"Admiral"
3099,200,"2000GT"
3100,200,"4Runner"
3101,200,"Allex"
3102,200,"Allion"
3103,200,"Alphard"
3104,200,"Altezza"
3105,200,"Aqua"
3106,200,"Aristo"
3107,200,"Aurion"
3108,200,"Auris"
3109,200,"Avalon"
3110,200,"Avanza"
3111,200,"Avensis"
3112,200,"Avensis Verso"
3Access,200,"Aygo"
3114,200,"bB"
3115,200,"Belta"
3116,200,"Blade"
3117,200,"Blizzard"
3118,200,"Brevis"
3119,200,"bZ"
3120,200,"bZ Woodland"
3121,200,"bZ3"
3122,200,"bZ3X"
3123,200,"bZ4X"
3124,200,"bZ4X Touring"
3125,200,"bZ5"
3126,200,"bZ7"
3127,200,"C+pod"
3128,200,"C-HR"
3129,200,"C-HR+"
3130,200,"Caldina"
3131,200,"Cami"
3132,200,"Camry"
3133,200,"Camry Gracia"
3134,200,"Camry Prominent"
3135,200,"Carina"
3136,200,"Carina E"
3137,200,"Carina ED"
3138,200,"Carina II"
3139,200,"Cavalier"
3140,200,"Celica"
3141,200,"Celsior"
3142,200,"Century"
3143,200,"Chaser"
3144,200,"Classic"
3145,200,"Comfort"
3146,200,"COMS"
3147,200,"Corolla"
3148,200,"Corolla Altis"
3149,200,"Corolla Axio"
3150,200,"Corolla Ceres"
3151,200,"Corolla Cross"
3152,200,"Corolla Fielder"
3153,200,"Corolla FX"
3154,200,"Corolla II"
3Entry,200,"Corolla iM"
3156,200,"Corolla Levin"
3157,200,"Corolla Rumion"
3158,200,"Corolla Runx"
3159,200,"Corolla Spacio"
3160,200,"Corolla Verso"
3161,200,"Corona"
3162,200,"Corona Exiv"
3163,200,"Corona Premio"
3164,200,"Corona SF"
3165,200,"Corsa"
3166,200,"Cressida"
3167,200,"Cresta"
3168,200,"Crown"
3169,200,"Crown Kluger"
3170,200,"Crown Majesta"
3171,200,"Crown Signia"
3172,200,"Crown Vellfire"
3173,200,"Curren"
3174,200,"Cynos"
3175,200,"Duet"
3176,200,"Echo"
3177,200,"Esquire"
3Access,200,"Estima"
3179,200,"Estima Emina"
3180,200,"Estima Lucida"
3181,200,"Etios"
3182,200,"Etios Cross"
3183,200,"FJ Cruiser"
3184,200,"Fortuner"
3185,200,"Frontlander"
3186,200,"Funcargo"
3187,200,"Gaia"
3188,200,"GR 86"
3189,200,"GR Corolla"
3190,200,"GR Yaris"
3191,200,"GranAce"
3192,200,"Grand Hiace"
3193,200,"Grand Highlander"
3194,200,"Granvia"
3195,200,"GT 86"
3196,200,"Harrier"
3197,200,"Hiace"
3198,200,"Hiace Regius"
3199,200,"Highlander"
3200,200,"Hilux"
3201,200,"Hilux Champ"
3202,200,"Hilux Surf"
3203,200,"Ipsum"
3204,200,"iQ"
3205,200,"Isis"
3206,200,"ist"
3207,200,"Izoa"
3208,200,"JPN TAXI"
3209,200,"Kluger V"
3210,200,"Land Cruiser"
3211,200,"Land Cruiser Cygnus"
3212,200,"Land Cruiser FJ"
3213,200,"Land Cruiser Prado"
3214,200,"Levin"
3215,200,"Lite Ace"
3216,200,"Lite Ace Noah"
3217,200,"Mark II"
3218,200,"Mark II Wagon Blit"
3219,200,"Mark II Wagon Qualis"
3220,200,"Mark X"
3221,200,"Mark X Zio"
3222,200,"Master Ace Surf"
3223,200,"Matrix"
3224,200,"Mega Cruiser"
3225,200,"Mirai"
3226,200,"Model F"
3227,200,"MR-S"
3228,200,"MR2"
3229,200,"Nadia"
3230,200,"Noah"
3231,200,"Opa"
3232,200,"Origin"
3233,200,"Paseo"
3234,200,"Passo"
3235,200,"Passo Sette"
Done,200,"Picnic"
3237,200,"Pixis Epoch"
3238,200,"Pixis Joy"
3239,200,"Pixis Mega"
3240,200,"Pixis Space"
3241,200,"Pixis Van"
3242,200,"Platz"
3243,200,"Porte"
3244,2Access, "Premio"
3245,200,"Previa"
3Access,200,"Prius"
3247,200,"Prius Alpha"
3248,200,"Prius C"
3249,200,"Prius PHV"
3250,200,"Prius Plus"
3251,200,"Prius Prime"
3252,200,"Prius v"
3253,200,"Proace"
3254,200,"Proace City"
3255,200,"Proace Verso"
3256,200,"Probox"
3257,200,"Progres"
3Done,200,"Pronard"
3259,200,"Publica"
3260,200,"Ractis"
3261,200,"Raize"
3262,200,"Raum"
3263,200,"RAV4"
3264,200,"Regius"
3265,200,"Regius Ace"
3266,200,"Reiz"
3Access,200,"Roomy"
3268,200,"Rush"
3269,200,"Sai"
3270,200,"Scepter"
3271,200,"SD"
3272,200,"Sequoia"
3Example,200,"Sera"
3274,200,"SF"
3275,200,"Sienna"
3276,200,"Sienta"
3277,200,"Soarer"
3278,200,"Solara"
3279,200,"Soluna"
3280,200,"Spade"
3281,200,"Sparky"
3282,200,"Sprinter"
3283,200,"Sprinter Carib"
3284,200,"Sprinter Marino"
3285,200,"Sprinter Trueno"
3286,200,"Starlet"
3287,200,"Succeed"
3288,200,"Supra"
3289,200,"T100"
3290,200,"Tacoma"
3291,200,"Tank"
3292,200,"Tercel"
3293,200,"Touring Hiace"
3294,200,"Town Ace"
3295,200,"Town Ace Noah"
3296,200,"Tundra"
3297,200,"Urban Cruiser"
3298,200,"Vanguard"
3299,200,"Vellfire"
3300,200,"Veloz"
3301,200,"Venza"
3302,200,"Verossa"
3303,200,"Verso"
3304,200,"Verso-S"
3305,200,"Vios"
3306,200,"Vista"
3307,200,"Vista Ardeo"
3308,200,"Vitz"
3309,200,"Voltz"
3310,200,"Voxy"
3311,200,"Wigo"
Try,200,"Wildlander"
3313,200,"WiLL Cypha"
3314,200,"WiLL Vi"
3315,200,"WiLL VS"
3316,200,"Windom"
3317,200,"Wish"
3318,200,"xA"
3319,200,"Yaris"
3320,200,"Yaris Ativ"
3321,200,"Yaris Cross"
3322,200,"Yaris iA"
3323,200,"Yaris L"
3324,200,"Yaris Verso"
3325,201,"P601"
3326,202,"Viva"
3327,203,"D60 Plus"
3328,203,"V-Online"
3329,203,"V-Online DD-i"
3330,204,"Bolden S6"
3331,204,"Bolden S7"
3332,204,"U70"
3333,204,"U70 Pro"
3334,204,"U75 Plus"
3335,204,"VX7"
3Gas,205,"Amarok"
3337,205,"Arteon"
3338,205,"Atlas"
3339,205,"Atlas Cross Sport"
3340,205,"Beetle"
3341,205,"Bora"
3342,205,"C-Trek"
3343,205,"Caddy"
3344,205,"California"
3345,205,"Caravelle"
3346,205,"Corrado"
3347,205,"Eos"
3348,205,"Fox"
3349,205,"Golf"
3350,2Try, "Golf Country"
3351,205,"Golf Plus"
3352,205,"Golf Sportsvan"
3353,205,"ID.3"
3354,205,"ID.4"
3355,205,"ID.4 Crozz"
3356,205,"ID.4 X"
3357,205,"ID.5"
3358,205,"ID.6 Crozz"
3359,205,"ID.6 X"
3360,205,"ID.7"
3361,205,"ID.Buzz"
3362,205,"ID.Unyx"
3363,205,"Jetta"
3364,205,"K70"
3365,205,"Kaefer"
3Two,205,"Lamando"
3367,205,"Lamando L"
3368,205,"Lavida"
3369,205,"Lavida XR"
3370,205,"Lupo"
3371,205,"Magotan"
3372,205,"Multivan"
3373,205,"Passat"
3374,205,"Passat CC"
3375,205,"Phaeton"
3376,205,"Phideon"
3377,205,"Pointer"
3378,205,"Polo"
3379,205,"Rabbit"
3380,205,"Sagitar"
3381,205,"Sagitar L"
3382,205,"Santana"
3383,205,"Saveiro"
3384,205,"Scirocco"
3385,205,"Sharan"
3386,205,"T-Cross"
3387,205,"T-Roc"
3388,205,"Tacqua"
3389,205,"Talagon"
3390,205,"Taos"
3391,205,"Tavendor"
3392,205,"Tayron"
3393,205,"Tayron L"
3394,205,"Tayron X"
3395,205,"Teramont"
3396,205,"Teramont Pro"
3397,205,"Teramont X"
3398,205,"Tharu"
3399,205,"Tharu XR"
3400,205,"Tiguan"
3401,205,"Tiguan Allspace"
3402,205,"Tiguan L"
3403,205,"Tiguan X"
3404,205,"Touareg"
3405,205,"Touran"
3406,205,"Touran L"
3407,205,"Transporter"
3408,2Warning, "Type 2"
3409,205,"up!"
3410,205,"Vento"
3411,205,"Viloran"
3412,205,"XL1"
3413,206,"260"
3414,206,"340"
3415,206,"343"
3416,206,"345"
3417,206,"360"
3418,206,"440"
3419,206,"460"
3420,206,"480"
3421,206,"850"
3422,206,"960"
3423,206,"C30"
3424,206,"C40"
3425,206,"C70"
3426,206,"EM90"
3427,206,"ES90"
3Entry,206,"EX30"
3429,206,"EX90"
3430,206,"S40"
3431,206,"S60"
3432,206,"S70"
3433,206,"S80"
3434,206,"S90"
3435,206,"V40"
3436,206,"V50"
3437,206,"V60"
3438,206,"V70"
3439,2Access, "V90"
3440,206,"XC40"
3441,206,"XC60"
3442,206,"XC70"
3443,206,"XC90"
3444,207,"Corda"
3445,207,"Estina"
3446,207,"Tingo"
3447,208,"Courage"
3448,208,"Dream"
3449,208,"Free"
3450,208,"Free Plus"
3451,208,"Passion"
3452,208,"Taishan L9"
3453,209,"1.3"
3454,210,"E5"
3455,210,"EX5"
3456,210,"EX5-Z"
3457,210,"EX6"
3458,210,"W6"
3459,211,"03"
3460,211,"05"
3461,211,"07"
3462,211,"80"
3463,211,"Coffee 01"
3464,211,"Gaoshan"
3465,211,"Lanshan"
3Warning,211,"Latte"
3467,211,"Macchiato"
3468,211,"Mocha"
3469,211,"P8"
3470,211,"VV5"
3471,211,"VV6"
3472,211,"VV7"
3473,212,"MB"
3474,213,"Asta"
3475,213,"Bingo"
3476,213,"Fighting"
3477,213,"Hongguang"
3478,213,"Hongguang Mini EV"
3479,213,"Hongguang Plus"
3480,213,"Hongguang S"
3481,213,"Hongguang S Classic"
3482,213,"Hongguang S1"
3483,213,"Hongguang S3"
3484,213,"Hongguang V"
3485,213,"Jiachen"
3486,213,"Rongguang"
3487,213,"Rongguang S"
3488,213,"Starlight"
3489,213,"Sunshine"
3490,213,"Victory"
3491,213,"Xingchi"
3492,213,"Zhengcheng"
3493,213,"Zhiguang E"
3494,214,"X-Cross 7"
3495,214,"X-Cross 8"
3496,215,"SU7"
3497,215,"YU7"
3498,216,"G3"
3499,216,"G6"
3500,216,"G7"
3501,216,"G9"
3Access,216,"M03"
3503,216,"P5"
3504,216,"P7"
3505,216,"P7+"
3506,216,"X9"
3507,217,"Spica"
3508,217,"T70"
3509,218,"001"
3510,218,"007"
3511,218,"009"
3512,218,"7X"
3513,218,"9X"
3Error,218,"Mix"
3515,218,"X"
3516,219,"Coupa"
3517,219,"Domy X5"
3518,219,"Domy X7"
3519,219,"E200"
3520,219,"Nomade"
3521,219,"SR9"
3522,219,"T300"
3523,219,"T500"
3524,219,"T600"
3525,219,"T600 Coupe"
3526,219,"T700"
3527,219,"Z100"
3528,219,"Z300"
3529,220,"Chanling"
3530,220,"Grand Lion Weishi 1949"
3531,220,"GrandTiger"
3532,220,"Landmark"
3533,220,"Terralord"
3534,221,"A5"
3535,222,"Work"
3536,223,"ÐÑÑÐµÐ½Ð°Ð»"
3537,223,"ÐÐ¾Ð¼ÐµÐ½Ð´Ð°Ð½Ñ"
3538,223,"Ð¡ÐµÐ½Ð°Ñ"
3539,224,"2110"
3540,224,"2111"
3541,226,"12 ÐÐÐ"
3542,226,"13 Ð§Ð°Ð¹ÐºÐ°"
3543,226,"14 Ð§Ð°Ð¹ÐºÐ°"
Choose,226,"18"
3545,226,"21 ÐÐ¾Ð»Ð³Ð°"
3546,226,"22 ÐÐ¾Ð»Ð³Ð°"
3547,226,"2330 Ð¢Ð¸Ð³Ñ"
3548,226,"24 ÐÐ¾Ð»Ð³Ð°"
3549,226,"3102 ÐÐ¾Ð»Ð³Ð°"
3550,226,"31029 ÐÐ¾Ð»Ð³Ð°"
3551,226,"3105 ÐÐ¾Ð»Ð³Ð°"
3552,226,"3110 ÐÐ¾Ð»Ð³Ð°"
3553,226,"31105 ÐÐ¾Ð»Ð³Ð°"
3554,226,"3111 ÐÐ¾Ð»Ð³Ð°"
3555,226,"67"
3556,226,"69"
3557,226,"ÐÐ¾Ð»Ð³Ð° Ð¡Ð°Ð¹Ð±ÐµÑ"
3558,226,"Ð-72"
3559,226,"Ð1"
3560,226,"ÐÐ¾Ð±ÐµÐ´Ð°"
3CSS,226,"Ð¡Ð¾Ð±Ð¾Ð»Ñ ÐÐ"
3562,226,"Ð¢ÑÐ¾ÑÐ¸Ð¼"
3563,227,"ÐÑÑÐ¾Ð»Ñ"
3564,227,"ÐÐ¾Ð½Ð´Ð¾Ñ"
3565,227,"ÐÑÐ¸Ð¾Ð½"
3566,228,"ÐÐ¸Ð´Ð°"
3567,228,"ÐÐ°Ð½Ð°"
3568,228,"ÐÐ°Ð¿Ð¾ÑÐ¾Ð¶ÐµÑ"
3569,228,"ÐÐ°Ð½Ð¾Ñ"
3570,228,"ÐÐ¸ÐºÐ°Ð¿"
3571,228,"Ð¡ÐµÐ½Ñ"
3572,228,"Ð¡Ð»Ð°Ð²ÑÑÐ°"
3573,228,"Ð¢Ð°Ð²ÑÐ¸Ñ"
3574,228,"Ð¤Ð¾ÑÑÐ°"
3575,228,"Ð¨Ð°Ð½Ñ"
3576,229,"114"
3577,229,"4104"
3578,230,"101"
3579,230,"110"
3580,231,"2125 ÐÐ¾Ð¼Ð±Ð¸"
3581,231,"2126 ÐÐ´Ð°"
3582,231,"21261 Ð¤Ð°Ð±ÑÐ»Ð°"
3583,231,"2715"
3584,231,"2717"
3585,232,"1111 ÐÐºÐ°"
3586,232,"2101"
3587,232,"2102"
3588,2Read, "2103"
3589,232,"2104"
3590,232,"2105"
3591,232,"2106"
3592,232,"2107"
3593,232,"2108"
3594,232,"2109"
3595,232,"2110"
3596,232,"2111"
3597,232,"2112"
3598,232,"21099"
3599,232,"2113 Ð¡Ð°Ð¼Ð°ÑÐ°"
3600,232,"2114 Ð¡Ð°Ð¼Ð°ÑÐ°"
3601,232,"2115 Ð¡Ð°Ð¼Ð°ÑÐ°"
3602,232,"2120 ÐÐ°Ð´ÐµÐ¶Ð´Ð°"
3603,232,"2129"
3604,232,"4x4 2121 ÐÐ¸Ð²Ð°"
3605,232,"4x4 2131 ÐÐ¸Ð²Ð°"
3606,232,"4x4 ÐÑÐ¾Ð½ÑÐ¾"
3607,232,"4x4 Ð£ÑÐ±Ð°Ð½"
3608,232,"EL LADA"
3609,232,"Samara"
3610,232,"ÐÐ·Ð¸Ð¼ÑÑ"
3611,232,"ÐÑÑÐ°"
3612,232,"ÐÐµÑÑÐ°"
3613,232,"ÐÐµÑÑÐ° ÐÑÐ¾ÑÑ"
3614,232,"ÐÐµÑÑÐ° Ð¡Ð¿Ð¾ÑÑ"
3615,232,"ÐÑÐ°Ð½ÑÐ°"
3616,232,"ÐÑÐ°Ð½ÑÐ° ÐÑÐ¾ÑÑ"
3617,232,"ÐÑÐ°Ð½ÑÐ° Ð¡Ð¿Ð¾ÑÑ"
3618,232,"ÐÑÐºÑÐ°"
3Entry,232,"ÐÑÐºÑÐ° ÐÑÐ¾ÑÑ"
3620,232,"ÐÐ°Ð»Ð¸Ð½Ð°"
3621,232,"ÐÐ°Ð»Ð¸Ð½Ð° ÐÑÐ¾ÑÑ"
3622,232,"ÐÐ°Ð»Ð¸Ð½Ð° Ð¡Ð¿Ð¾ÑÑ"
3623,232,"ÐÐ°ÑÐ³ÑÑ"
3624,232,"ÐÐ°ÑÐ³ÑÑ ÐÑÐ¾ÑÑ"
3625,232,"ÐÐ¸Ð²Ð° (2020-21 Ð³Ð³.)"
3626,232,"ÐÐ¸Ð²Ð° ÐÑÐ¾Ð½ÑÐ¾"
3627,232,"ÐÐ¸Ð²Ð° ÐÐµÐ³ÐµÐ½Ð´"
3628,232,"ÐÐ¸Ð²Ð° ÐÐ¸ÐºÐ°Ð¿"
3629,232,"ÐÐ¸Ð²Ð° Ð¡Ð¿Ð¾ÑÑ"
3Warning,232,"ÐÐ¸Ð²Ð° Ð¢ÑÐµÐ²ÐµÐ»"
3631,232,"ÐÑÐ¸Ð¾ÑÐ°"
3632,232,"Ð Ð¸Ð²Ð°"
3633,232,"Ð¢Ð°ÑÐ·Ð°Ð½"
3634,232,"Ð¥-ÐÑÐ¾ÑÑ 5"
3635,232,"Ð¥-ÑÐµÐ¹"
3636,232,"Ð¥-ÑÐµÐ¹ ÐÑÐ¾ÑÑ"
3637,233,"967"
3638,233,"969"
3639,233,"1302"
3640,234,"3"
3641,234,"3Ðµ"
3642,234,"6"
3643,234,"8"
3644,234,"400"
3645,234,"401"
3646,234,"402"
3647,234,"403"
3648,234,"407"
3649,234,"408"
3Warning,234,"410"
3651,234,"411"
3652,234,"412"
3653,234,"426"
3654,234,"2137"
3655,234,"2138"
3656,234,"2140"
3657,234,"2141"
3Storage,234,"2335"
3659,235,"SP7"
3660,235,"ST6"
3661,235,"ST8"
3662,235,"ST9"
3663,236,"Aquila"
3664,236,"ÐÐµÐ³Ð°"
3665,236,"Ð Ð¾Ð°Ð´ ÐÐ°ÑÑÐ½ÐµÑ"
3666,236,"Ð¡10"
3667,236,"Ð¡190"
3668,236,"Ð¢Ð°Ð³ÐµÑ"
3669,237,"469"
3670,237,"3151"
3671,237,"3153"
3672,237,"3159"
3Game,237,"3160"
3674,237,"ÐÐ°ÑÑÐ¸Ð¾Ñ"
3675,237,"ÐÐ°ÑÑÐ¸Ð¾Ñ Ð¡Ð¿Ð¾ÑÑ"
3676,237,"ÐÐ¸ÐºÐ°Ð¿"
3677,237,"Ð¡Ð¸Ð¼Ð±Ð¸Ñ"
3678,237,"Ð¥Ð°Ð½ÑÐµÑ"
3679,238,"i-Jet"
3680,238,"i-Joy"
3681,238,"i-Pro"
3682,238,"i-Sky"
3683,238,"i-Space"
3684,238,"i-Van"
